UniRef90_A0A5K8AE01	UniRef90_A0A5K8AE01
UniRef90_A0A5K8AE01	UniRef90_A0A975B9U6
UniRef90_A0A5K8AE01	UniRef90_H8YY57
UniRef90_A0A5K8AE01	UniRef90_UPI0035698411
UniRef90_A0A5K8AE01	UniRef90_A0A420WXM4
UniRef90_A0A5K8AE01	UniRef90_A0ABT7LP93
UniRef90_A0A814WGS3	UniRef90_A0A814WGS3
UniRef90_A0A814WGS3	UniRef90_UPI000D3E927E
UniRef90_A0A814WGS3	UniRef90_C7RCK5
UniRef90_A0ABW8N4D1	UniRef90_A0ABW8N4D1
UniRef90_A0ABW8N4D1	UniRef90_A0ABX0DDS4
UniRef90_A0ABW8N4D1	UniRef90_UPI0026491CFB
UniRef90_A0A0Q0D0W0	UniRef90_A0A0Q0D0W0
UniRef90_A0A0Q0D0W0	UniRef90_A0AAP4TX40
UniRef90_A0A0Q0D0W0	UniRef90_A0ABV6G526
UniRef90_A0A0Q0D0W0	UniRef90_A0AAE9VPL1
UniRef90_A0A0Q0D0W0	UniRef90_UPI001CBD1E19
UniRef90_A0A0Q0D0W0	UniRef90_UPI0011D1C755
UniRef90_A0A0Q0D0W0	UniRef90_UPI00058E2BCD
UniRef90_A0A0Q0D0W0	UniRef90_UPI0032ECBF11
UniRef90_A0A0Q0D0W0	UniRef90_A0ABU3ZMK8
UniRef90_A0A0Q0D0W0	UniRef90_A0A2U7UDK3
UniRef90_A0A0Q0D0W0	UniRef90_Q2S9D8
UniRef90_A0A0Q0D0W0	UniRef90_A0A7Y3X9V3
UniRef90_A0A0Q0D0W0	UniRef90_A0AAE3VGD3
UniRef90_A0A0Q0D0W0	UniRef90_A0AA37WKS9
UniRef90_A0A0Q0D0W0	UniRef90_A0A9P3B7I7
UniRef90_A0A0Q0D0W0	UniRef90_UPI00132FD9FF
UniRef90_A0A0Q0D0W0	UniRef90_UPI00035E9966
UniRef90_A0A0Q0D0W0	UniRef90_M2QDG0
UniRef90_A0A0Q0D0W0	UniRef90_E8Q5T6
UniRef90_A0A0Q0D0W0	UniRef90_A0A2N7BT14
UniRef90_A0A0Q0D0W0	UniRef90_A0A507FCZ0
UniRef90_A0A0Q0D0W0	UniRef90_A0A1G6GN41
UniRef90_A0A0Q0D0W0	UniRef90_UPI0030D00B35
UniRef90_A0A0Q0D0W0	UniRef90_UPI0035B87487
UniRef90_A0A0Q0D0W0	UniRef90_UPI000DC6E9E1
UniRef90_A0A0Q0D0W0	UniRef90_UPI000DC6F359
UniRef90_A0A0G0JHR0	UniRef90_A0A0G0JHR0
UniRef90_B6QWH4	UniRef90_B6QWH4
UniRef90_B6QWH4	UniRef90_A0AAE3JJ77
UniRef90_B6QWH4	UniRef90_UPI0010466889
UniRef90_B6QWH4	UniRef90_UPI001D058734
UniRef90_B6QWH4	UniRef90_A0A7H8QN86
UniRef90_A0A143WMH3	UniRef90_A0A143WMH3
UniRef90_C0EHU6	UniRef90_C0EHU6
UniRef90_C0EHU6	UniRef90_UPI002FCCB7C0
UniRef90_C0EHU6	UniRef90_V7I895
UniRef90_C0EHU6	UniRef90_A0A1H6RTW9
UniRef90_C0EHU6	UniRef90_UPI00098EFF7B
UniRef90_C0EHU6	UniRef90_I9V610
UniRef90_C0EHU6	UniRef90_A0A2K9P541
UniRef90_C0EHU6	UniRef90_UPI0037DCFAA9
UniRef90_C0EHU6	UniRef90_UPI00203CF764
UniRef90_C0EHU6	UniRef90_A0ABR9ZQB2
UniRef90_C0EHU6	UniRef90_UPI00265D5251
UniRef90_C0EHU6	UniRef90_UPI00047C3B7C
UniRef90_C0EHU6	UniRef90_A0A917TYY7
UniRef90_C0EHU6	UniRef90_A0A3R8JRN1
UniRef90_C0EHU6	UniRef90_UPI001C0B9CA0
UniRef90_C0EHU6	UniRef90_A0A174FA94
UniRef90_C0EHU6	UniRef90_A0A3N0BDW1
UniRef90_C0EHU6	UniRef90_UPI003AF07D00
UniRef90_C0EHU6	UniRef90_D3AQ97
UniRef90_C0EHU6	UniRef90_A0A9D1SKL3
UniRef90_C0EHU6	UniRef90_A0A9D2IUZ0
UniRef90_C0EHU6	UniRef90_U7DC06
UniRef90_C0EHU6	UniRef90_UPI000496CF21
UniRef90_C0EHU6	UniRef90_UPI001A9A4916
UniRef90_C0EHU6	UniRef90_UPI002025059B
UniRef90_C0EHU6	UniRef90_UPI003F9678F1
UniRef90_C0EHU6	UniRef90_UPI0020416D7E
UniRef90_C0EHU6	UniRef90_A0A3E2N7J0
UniRef90_C0EHU6	UniRef90_UPI003AF0012A
UniRef90_C0EHU6	UniRef90_A0A1S8KYG6
UniRef90_C0EHU6	UniRef90_UPI0006B5271F
UniRef90_C0EHU6	UniRef90_A0A377GFP6
UniRef90_C0EHU6	UniRef90_A0A0S1SR25
UniRef90_C0EHU6	UniRef90_A0A1F6D8C3
UniRef90_C0EHU6	UniRef90_A0A1F6VAM1
UniRef90_A0AAN6UZ16	UniRef90_A0AAN6UZ16
UniRef90_A0AAN6UZ16	UniRef90_A0AAN6TUR9
UniRef90_A0AAN6UZ16	UniRef90_A0A1Y1ZL64
UniRef90_A0AAN6UZ16	UniRef90_A0A9W9FV11
UniRef90_A0AAN6UZ16	UniRef90_A0ABU2LID7
UniRef90_A0AAN6UZ16	UniRef90_A0A084GCS4
UniRef90_A0A5J4Z062	UniRef90_A0A5J4Z062
UniRef90_A0A6C0KMJ6	UniRef90_A0A6C0KMJ6
UniRef90_A0A6C0KMJ6	UniRef90_A0A6C0F903
UniRef90_A0AAD1X4M3	UniRef90_A0AAD1X4M3
UniRef90_A0A6C0K4M0	UniRef90_A0A6C0K4M0
UniRef90_A0A6C0K4M0	UniRef90_UPI001E54442D
UniRef90_UPI000A016E18	UniRef90_UPI000A016E18
UniRef90_UPI000A016E18	UniRef90_UPI0024A10FCE
UniRef90_UPI000A016E18	UniRef90_A0A4R6UQU7
UniRef90_UPI000A016E18	UniRef90_UPI000418C937
UniRef90_UPI000A016E18	UniRef90_UPI0038279D38
UniRef90_UPI000A016E18	UniRef90_A0A2S6GEN6
UniRef90_UPI000A016E18	UniRef90_UPI0039BF9765
UniRef90_UPI000A016E18	UniRef90_A0A1B1MGI5
UniRef90_UPI000A016E18	UniRef90_UPI001BE5A775
UniRef90_UPI000A016E18	UniRef90_A0ABS4U0A7
UniRef90_UPI000A016E18	UniRef90_UPI0019678639
UniRef90_UPI000A016E18	UniRef90_A0ABV8KEJ8
UniRef90_UPI000A016E18	UniRef90_UPI00201FE1D1
UniRef90_UPI000A016E18	UniRef90_A0A2J7YWG0
UniRef90_UPI000A016E18	UniRef90_A0ABN3VHN3
UniRef90_UPI000A016E18	UniRef90_A0A345UK12
UniRef90_UPI000A016E18	UniRef90_UPI0034269F05
UniRef90_UPI000A016E18	UniRef90_A0A2T0LTA3
UniRef90_UPI000A016E18	UniRef90_UPI0036A51A7D
UniRef90_UPI000A016E18	UniRef90_A0ABR7L022
UniRef90_UPI000A016E18	UniRef90_UPI003443F686
UniRef90_UPI000A016E18	UniRef90_A0A0L8MX99
UniRef90_UPI000A016E18	UniRef90_A0A193BY89
UniRef90_UPI000A016E18	UniRef90_UPI002F42AD4D
UniRef90_UPI000A016E18	UniRef90_A0A853APC9
UniRef90_UPI000A016E18	UniRef90_A0ABQ2YD94
UniRef90_UPI000A016E18	UniRef90_UPI0033E5D6A8
UniRef90_UPI000A016E18	UniRef90_A0ABV8MDZ3
UniRef90_UPI000A016E18	UniRef90_UPI0036A44496
UniRef90_UPI000A016E18	UniRef90_UPI0033E127BE
UniRef90_UPI000A016E18	UniRef90_A0ABP5A3L7
UniRef90_UPI000A016E18	UniRef90_UPI003666E545
UniRef90_UPI000A016E18	UniRef90_UPI003866D4E6
UniRef90_UPI000A016E18	UniRef90_A0ABU2R039
UniRef90_UPI000A016E18	UniRef90_A0A7W8B3N9
UniRef90_UPI000A016E18	UniRef90_UPI0034E882A1
UniRef90_UPI000A016E18	UniRef90_UPI0034328628
UniRef90_UPI000A016E18	UniRef90_UPI002E76379A
UniRef90_UPI000A016E18	UniRef90_UPI0032567135
UniRef90_UPI000A016E18	UniRef90_UPI003D6B41D4
UniRef90_A0A2K1QM62	UniRef90_A0A2K1QM62
UniRef90_A0A2K1QM62	UniRef90_UPI003F633BD3
UniRef90_A0A2K1QM62	UniRef90_UPI000A649627
UniRef90_A0A2K1QM62	UniRef90_A9VE96
UniRef90_K0R439	UniRef90_K0R439
UniRef90_K0R439	UniRef90_A0A7S2B8S4
UniRef90_A0A9N8WN88	UniRef90_A0A9N8WN88
UniRef90_A0ACC2HWY4	UniRef90_A0ACC2HWY4
UniRef90_A0ACC2HWY4	UniRef90_A0A6A6IWI1
UniRef90_A0ABP0MNU8	UniRef90_A0ABP0MNU8
UniRef90_A0ACC0UQB3	UniRef90_A0ACC0UQB3
UniRef90_A0ACC0UQB3	UniRef90_A0A9P4MY39
UniRef90_A0ACC0UQB3	UniRef90_A0A059JHZ8
UniRef90_A0ACC0UQB3	UniRef90_A0AAJ0G0A8
UniRef90_A0ACC0UQB3	UniRef90_A0ACC1QTS7
UniRef90_A0ABR1FM70	UniRef90_A0ABR1FM70
UniRef90_A0ABR1FM70	UniRef90_A0A6C0D9C7
UniRef90_A0ABR1FM70	UniRef90_A0A7S1Z3Q4
UniRef90_A0A0C1E1M3	UniRef90_A0A0C1E1M3
UniRef90_A0A0C1E1M3	UniRef90_A0AAE0TF87
UniRef90_A0A0C1E1M3	UniRef90_A0ABR0KNC9
UniRef90_A0A437A4T0	UniRef90_A0A437A4T0
UniRef90_A0ABD1VIF5	UniRef90_A0ABD1VIF5
UniRef90_A0ABD1VIF5	UniRef90_A0A3R8MY39
UniRef90_A0ABD1VIF5	UniRef90_A0ACC3BP99
UniRef90_A0ABD1VIF5	UniRef90_UPI001D8B7E96
UniRef90_A0ABD1VIF5	UniRef90_A0A316TQ58
UniRef90_A0ABD1VIF5	UniRef90_A0A545TA33
UniRef90_A0ABD1VIF5	UniRef90_UPI0022702AA9
UniRef90_A0ABD1VIF5	UniRef90_A0A2U1NGN5
UniRef90_A0AAP0CI32	UniRef90_A0AAP0CI32
UniRef90_A0AAP0CI32	UniRef90_A0AA38TGK0
UniRef90_A0A2S4VP28	UniRef90_A0A2S4VP28
UniRef90_A0ABR2NML1	UniRef90_A0ABR2NML1
UniRef90_A0ABS3GR15	UniRef90_A0ABS3GR15
UniRef90_A0ABS3GR15	UniRef90_A0AB34FRG0
UniRef90_A0ABS3GR15	UniRef90_A0A2V3IEJ6
UniRef90_A0ABS3GR15	UniRef90_A0A380Q5B0
UniRef90_A0ABS3GR15	UniRef90_UPI002E22BDD4
UniRef90_A0ABS3GR15	UniRef90_UPI001EE06FF7
UniRef90_A0ABS3GR15	UniRef90_A0A6N6VXX3
UniRef90_A0ABS3GR15	UniRef90_UPI00079C9BC7
UniRef90_A0ABS3GR15	UniRef90_UPI0021DB59DE
UniRef90_A0ABS3GR15	UniRef90_A0AA51RSD3
UniRef90_A0ABS3GR15	UniRef90_UPI00197B99F4
UniRef90_A0ABS3GR15	UniRef90_UPI001BDF2FF9
UniRef90_A0ABS3GR15	UniRef90_UPI000DFC67DC
UniRef90_A0AAD4TC10	UniRef90_A0AAD4TC10
UniRef90_UPI00098E2FE7	UniRef90_UPI00098E2FE7
UniRef90_H6SRE3	UniRef90_H6SRE3
UniRef90_H6SRE3	UniRef90_UPI00272A2355
UniRef90_H6SRE3	UniRef90_Q4FLI5
UniRef90_H6SRE3	UniRef90_UPI0035625CC8
UniRef90_H6SRE3	UniRef90_A0A6G8KUA0
UniRef90_H6SRE3	UniRef90_A0A1Y2FUX5
UniRef90_A0A1E3BSJ0	UniRef90_A0A1E3BSJ0
UniRef90_A0A8J5XIN5	UniRef90_A0A8J5XIN5
UniRef90_A0A8J5XIN5	UniRef90_A0A9W6MSW7
UniRef90_A0A8J5XIN5	UniRef90_A0A7S3X3W5
UniRef90_A0A1V8TNI0	UniRef90_A0A1V8TNI0
UniRef90_A0A1Q9F1Y3	UniRef90_A0A1Q9F1Y3
UniRef90_A0A1Q9F1Y3	UniRef90_A0A7S4UUU4
UniRef90_A0AAF0IM81	UniRef90_A0AAF0IM81
UniRef90_A0AAF0IM81	UniRef90_UPI0034CFE263
UniRef90_A0AAF0IM81	UniRef90_A0A517NMS1
UniRef90_A0AAF0IM81	UniRef90_A0A917CV28
UniRef90_A0A899G207	UniRef90_A0A899G207
UniRef90_A0A1E5V2X3	UniRef90_A0A1E5V2X3
UniRef90_A0A1E5V2X3	UniRef90_M7Z6H5
UniRef90_A0A1E5V2X3	UniRef90_A0A427AVR2
UniRef90_A0A1E5V2X3	UniRef90_A0ABS9JVE3
UniRef90_A5C138	UniRef90_A5C138
UniRef90_A0A7S4DIG3	UniRef90_A0A7S4DIG3
UniRef90_A0A7S4DIG3	UniRef90_A0A1P8WKV4
UniRef90_A0A7S4DIG3	UniRef90_UPI002B061580
UniRef90_A0A7S4DIG3	UniRef90_UPI00209824B7
UniRef90_A0A7S4DIG3	UniRef90_UPI00078C4534
UniRef90_A0A7S4DIG3	UniRef90_A0A833N583
UniRef90_UPI0030D1AED8	UniRef90_UPI0030D1AED8
UniRef90_UPI0030D1AED8	UniRef90_A0ABS1P9P2
UniRef90_UPI0030D1AED8	UniRef90_A0A0B6S875
UniRef90_UPI0030D1AED8	UniRef90_A0A505DNW0
UniRef90_UPI0030D1AED8	UniRef90_UPI0035E0D688
UniRef90_UPI0030D1AED8	UniRef90_UPI00099F2A97
UniRef90_UPI0030D1AED8	UniRef90_A0ABW2XTU8
UniRef90_UPI0030D1AED8	UniRef90_UPI0033B1732D
UniRef90_UPI0030D1AED8	UniRef90_UPI003428784C
UniRef90_UPI0030D1AED8	UniRef90_UPI0033BDB98F
UniRef90_UPI0030D1AED8	UniRef90_A0ABP7EWR1
UniRef90_UPI0030D1AED8	UniRef90_UPI003624EFA7
UniRef90_UPI0030D1AED8	UniRef90_A0ABQ2ZVK6
UniRef90_UPI0030D1AED8	UniRef90_UPI003B9237F6
UniRef90_UPI0030D1AED8	UniRef90_UPI0036E826CE
UniRef90_UPI0030D1AED8	UniRef90_A0A1W2ER68
UniRef90_UPI0030D1AED8	UniRef90_UPI002948C213
UniRef90_UPI0030D1AED8	UniRef90_UPI001D164EDF
UniRef90_UPI0030D1AED8	UniRef90_UPI0026191FB1
UniRef90_UPI0030D1AED8	UniRef90_UPI0036AFEF4C
UniRef90_UPI0030D1AED8	UniRef90_A0ABV9TX21
UniRef90_UPI0030D1AED8	UniRef90_A0AAE3YHQ9
UniRef90_UPI0030D1AED8	UniRef90_L7PK89
UniRef90_UPI0030D1AED8	UniRef90_UPI0004676FF3
UniRef90_UPI0030D1AED8	UniRef90_A0A5J4LQW2
UniRef90_UPI0030D1AED8	UniRef90_A0A543JQZ7
UniRef90_UPI0030D1AED8	UniRef90_UPI00037EC9E1
UniRef90_UPI0030D1AED8	UniRef90_UPI0033E1C3E3
UniRef90_UPI0030D1AED8	UniRef90_UPI002EEA662D
UniRef90_UPI0030D1AED8	UniRef90_UPI00325E4640
UniRef90_UPI0030D1AED8	UniRef90_UPI00371B22E9
UniRef90_UPI0030D1AED8	UniRef90_UPI001044A83D
UniRef90_UPI0030D1AED8	UniRef90_A0A852YZF9
UniRef90_UPI0030D1AED8	UniRef90_UPI0033236F28
UniRef90_UPI0030D1AED8	UniRef90_UPI001E31A764
UniRef90_UPI0030D1AED8	UniRef90_UPI000367B5EF
UniRef90_UPI0030D1AED8	UniRef90_A0ABV1V6A4
UniRef90_UPI0030D1AED8	UniRef90_A0A4R4ZUA6
UniRef90_UPI0030D1AED8	UniRef90_UPI00316ABF54
UniRef90_UPI0030D1AED8	UniRef90_UPI003207B9AE
UniRef90_UPI0030D1AED8	UniRef90_A0A941EUP2
UniRef90_UPI0030D1AED8	UniRef90_A0A7H0IPX4
UniRef90_UPI0030D1AED8	UniRef90_UPI003F53C42B
UniRef90_UPI0030D1AED8	UniRef90_A0AA97LVP8
UniRef90_UPI0030D1AED8	UniRef90_A0A100JT89
UniRef90_UPI0030D1AED8	UniRef90_UPI0033B41911
UniRef90_UPI0030D1AED8	UniRef90_UPI0011F3B609
UniRef90_UPI0030D1AED8	UniRef90_UPI0037F55902
UniRef90_UPI0030D1AED8	UniRef90_UPI0035114D5E
UniRef90_UPI0030D1AED8	UniRef90_A0A5B8JRJ8
UniRef90_UPI0030D1AED8	UniRef90_UPI001C22CC9D
UniRef90_UPI0030D1AED8	UniRef90_A0A1S1L291
UniRef90_UPI0030D1AED8	UniRef90_D5ZST6
UniRef90_UPI0030D1AED8	UniRef90_A0A840NQJ1
UniRef90_UPI0030D1AED8	UniRef90_UPI0002EC47D6
UniRef90_UPI0030D1AED8	UniRef90_A0A1I4CQK8
UniRef90_UPI0030D1AED8	UniRef90_UPI00307D15F9
UniRef90_UPI0030D1AED8	UniRef90_F5XM11
UniRef90_UPI0030D1AED8	UniRef90_A0A8J3FMJ8
UniRef90_UPI0030D1AED8	UniRef90_A0A7W9YF34
UniRef90_UPI0030D1AED8	UniRef90_A0ABQ5P355
UniRef90_UPI0030D1AED8	UniRef90_A0A2H1KLM7
UniRef90_UPI0030D1AED8	UniRef90_UPI003C7CF880
UniRef90_UPI0030D1AED8	UniRef90_A0A269Z6Z0
UniRef90_UPI0030D1AED8	UniRef90_UPI0037A1AA5A
UniRef90_UPI0030D1AED8	UniRef90_UPI00128111CE
UniRef90_A0A3M6BI03	UniRef90_A0A3M6BI03
UniRef90_A0ABP9YN56	UniRef90_A0ABP9YN56
UniRef90_A0ABP9YN56	UniRef90_A0A9P7VEN9
UniRef90_A0ABP9YN56	UniRef90_A0A9P6ZKF2
UniRef90_A0ABP9YN56	UniRef90_A0ACD0NLX1
UniRef90_A0A0W0G3T9	UniRef90_A0A0W0G3T9
UniRef90_A0A0W0G3T9	UniRef90_A0A409XZ44
UniRef90_A0A0W0G3T9	UniRef90_UPI003CCCA70D
UniRef90_A0A0W0G3T9	UniRef90_A0A1Y6BZ58
UniRef90_A0A0W0G3T9	UniRef90_A0A3N2DK17
UniRef90_A0AAD6REQ7	UniRef90_A0AAD6REQ7
UniRef90_A0AAD7ULI8	UniRef90_A0AAD7ULI8
UniRef90_A0A7U9HBN6	UniRef90_A0A7U9HBN6
UniRef90_A0A7U9HBN6	UniRef90_Q096P9
UniRef90_A0A7U9HBN6	UniRef90_A0ABN2VRX0
UniRef90_A0A7U9HBN6	UniRef90_UPI000970DD83
UniRef90_A0A7U9HBN6	UniRef90_A0A543HXI4
UniRef90_A0A7U9HBN6	UniRef90_D2NU75
UniRef90_A0A7U9HBN6	UniRef90_UPI001F5C38ED
UniRef90_A0A7U9HBN6	UniRef90_E0QRV5
UniRef90_A0A7U9HBN6	UniRef90_A0A1D9MKE2
UniRef90_A0A7U9HBN6	UniRef90_A0A3S4SV04
UniRef90_A0A7U9HBN6	UniRef90_A0A919DYI4
UniRef90_A0A7U9HBN6	UniRef90_A0A7S1XF38
UniRef90_A0A7U9HBN6	UniRef90_UPI00368A145B
UniRef90_A0A7U9HBN6	UniRef90_A0A1L6MZH5
UniRef90_A0A7U9HBN6	UniRef90_UPI0007C6F7EA
UniRef90_A0A7U9HBN6	UniRef90_A0A6N9UJK1
UniRef90_A0A7U9HBN6	UniRef90_UPI00332D9511
UniRef90_A0A7U9HBN6	UniRef90_A0AAE6YBF2
UniRef90_A0A7U9HBN6	UniRef90_K9EJF4
UniRef90_A0A7U9HBN6	UniRef90_UPI00370003AE
UniRef90_A0A7U9HBN6	UniRef90_A0ABW2JD55
UniRef90_A0A7U9HBN6	UniRef90_A0A7K3S7Z4
UniRef90_A0A7U9HBN6	UniRef90_UPI003D6B606E
UniRef90_A0A7U9HBN6	UniRef90_UPI0036524946
UniRef90_A0A7U9HBN6	UniRef90_A0ABQ2V3N1
UniRef90_A0A7U9HBN6	UniRef90_UPI003B01CC53
UniRef90_A0A7U9HBN6	UniRef90_Q83GP0
UniRef90_A0A7U9HBN6	UniRef90_UPI0031DCF50A
UniRef90_A0A7U9HBN6	UniRef90_A0A2I1PAL9
UniRef90_A0A7U9HBN6	UniRef90_UPI00041F63DF
UniRef90_A0A7U9HBN6	UniRef90_A6DPT1
UniRef90_A0A7U9HBN6	UniRef90_A0A6M4WY60
UniRef90_A0A7U9HBN6	UniRef90_UPI00068CFF89
UniRef90_A0A7W7U179	UniRef90_A0A7W7U179
UniRef90_A0A7W7U179	UniRef90_UPI00256F18AE
UniRef90_A0A7W7U179	UniRef90_UPI000A5F3877
UniRef90_A0A7W7U179	UniRef90_A0A9W6RAL4
UniRef90_A0A7W7U179	UniRef90_A0AAE4CNE7
UniRef90_A0A7W7U179	UniRef90_UPI001E2871BD
UniRef90_A0A7W7U179	UniRef90_UPI002E8106EA
UniRef90_A0A7W7U179	UniRef90_A0A918X806
UniRef90_A0A7W7U179	UniRef90_UPI0034245976
UniRef90_A0A7W7U179	UniRef90_UPI00054C4EBD
UniRef90_A0A7W7U179	UniRef90_A0A849AG06
UniRef90_A0A7W7U179	UniRef90_A0A9X2EEP8
UniRef90_A0A7W7U179	UniRef90_A0ABV8C0H5
UniRef90_A0A7W7U179	UniRef90_A0A291RFQ1
UniRef90_A0A7W7U179	UniRef90_UPI00145E2037
UniRef90_A0A7W7U179	UniRef90_A0A1I6D0F3
UniRef90_A0A7W7U179	UniRef90_A0ABW7YQ46
UniRef90_A0A7W7U179	UniRef90_A0A428Z0X8
UniRef90_A0A7W7U179	UniRef90_UPI00146C7BF9
UniRef90_A0A7W7U179	UniRef90_UPI00351499B2
UniRef90_A0A7W7U179	UniRef90_J0N4M2
UniRef90_A0A9W6XC64	UniRef90_A0A9W6XC64
UniRef90_A0A9W6XC64	UniRef90_A0A9W7D057
UniRef90_A0ABR2MRX7	UniRef90_A0ABR2MRX7
UniRef90_A0A1C7M1R7	UniRef90_A0A1C7M1R7
UniRef90_UPI0037BD7351	UniRef90_UPI0037BD7351
UniRef90_UPI0037BD7351	UniRef90_A0A6H9Z9H8
UniRef90_UPI0037BD7351	UniRef90_A0A9E8IIJ9
UniRef90_UPI0037BD7351	UniRef90_UPI003D07F22C
UniRef90_UPI0037BD7351	UniRef90_UPI0033EB6F73
UniRef90_UPI0037BD7351	UniRef90_UPI001568D3CD
UniRef90_UPI0037BD7351	UniRef90_UPI0024563F11
UniRef90_UPI0037BD7351	UniRef90_A0A370HPN3
UniRef90_UPI0037BD7351	UniRef90_UPI00398F0D00
UniRef90_UPI0037BD7351	UniRef90_UPI002E80D6ED
UniRef90_UPI0037BD7351	UniRef90_UPI0034541B63
UniRef90_UPI0037BD7351	UniRef90_UPI00382E70B3
UniRef90_UPI0037BD7351	UniRef90_A0A1B1M2F6
UniRef90_UPI0037BD7351	UniRef90_UPI00245685AA
UniRef90_UPI0037BD7351	UniRef90_UPI003CEB3403
UniRef90_A0A167CQX1	UniRef90_A0A167CQX1
UniRef90_A0A167CQX1	UniRef90_UPI00155269E3
UniRef90_A0A163LFQ5	UniRef90_A0A163LFQ5
UniRef90_A0A163LFQ5	UniRef90_A0A5N6SMQ0
UniRef90_A0A163LFQ5	UniRef90_A0A4S3JPN3
UniRef90_A0A163LFQ5	UniRef90_UPI00254870E6
UniRef90_A0A163LFQ5	UniRef90_A0A5N5D4Q2
UniRef90_A0A163LFQ5	UniRef90_A0A6A6YBF0
UniRef90_A0A163LFQ5	UniRef90_UPI0005196C72
UniRef90_A0A163LFQ5	UniRef90_A0A6J3MCY8
UniRef90_A0A163LFQ5	UniRef90_E9EF14
UniRef90_A0A163LFQ5	UniRef90_A0A1B8GM25
UniRef90_A0A163LFQ5	UniRef90_A0A5N5D4U0
UniRef90_A0A163LFQ5	UniRef90_A0A6G1H537
UniRef90_A0A8H4QX61	UniRef90_A0A8H4QX61
UniRef90_UPI0034488F15	UniRef90_UPI0034488F15
UniRef90_UPI0034488F15	UniRef90_UPI0008DD212B
UniRef90_UPI0034488F15	UniRef90_A0ABV7P0R8
UniRef90_UPI0034488F15	UniRef90_A0A495JTQ5
UniRef90_UPI0034488F15	UniRef90_UPI002231E3F0
UniRef90_UPI0034488F15	UniRef90_UPI003D89C162
UniRef90_UPI0034488F15	UniRef90_A0A6G4WQN0
UniRef90_UPI0034488F15	UniRef90_UPI0036844342
UniRef90_UPI0034488F15	UniRef90_F1C7Q9
UniRef90_UPI0034488F15	UniRef90_UPI002F92322B
UniRef90_UPI0034488F15	UniRef90_UPI003F8ABF43
UniRef90_UPI0034488F15	UniRef90_A0ABY7UAJ0
UniRef90_UPI0034488F15	UniRef90_UPI002474076D
UniRef90_UPI0034488F15	UniRef90_UPI001F0C2163
UniRef90_UPI0034488F15	UniRef90_UPI00136EDBB0
UniRef90_UPI0034488F15	UniRef90_UPI003D8EEC5C
UniRef90_A0ABR1M9A0	UniRef90_A0ABR1M9A0
UniRef90_S9QXS5	UniRef90_S9QXS5
UniRef90_UPI00342AD2A8	UniRef90_UPI00342AD2A8
UniRef90_UPI00342AD2A8	UniRef90_UPI000A91C050
UniRef90_UPI00342AD2A8	UniRef90_UPI000BB90D0E
UniRef90_UPI00342AD2A8	UniRef90_A0A7W4ZTB4
UniRef90_UPI00342AD2A8	UniRef90_UPI00341E2A3B
UniRef90_UPI00342AD2A8	UniRef90_UPI0033C884BB
UniRef90_UPI00342AD2A8	UniRef90_UPI0037A41484
UniRef90_UPI00342AD2A8	UniRef90_UPI003FCC993D
UniRef90_UPI00342AD2A8	UniRef90_UPI00039F9CA2
UniRef90_UPI00342AD2A8	UniRef90_A0A6H9YYL5
UniRef90_UPI00342AD2A8	UniRef90_UPI003F678322
UniRef90_UPI00342AD2A8	UniRef90_UPI00381D56F4
UniRef90_UPI00342AD2A8	UniRef90_A0A0C2M0N8
UniRef90_UPI00342AD2A8	UniRef90_A0ABP7H806
UniRef90_UPI00342AD2A8	UniRef90_UPI0022517EEB
UniRef90_UPI00342AD2A8	UniRef90_UPI0035190B7D
UniRef90_UPI00342AD2A8	UniRef90_UPI000D14B6D9
UniRef90_UPI00342AD2A8	UniRef90_UPI00097B3712
UniRef90_UPI00342AD2A8	UniRef90_A0ABS3V298
UniRef90_UPI00342AD2A8	UniRef90_A0A8J3Q866
UniRef90_UPI00342AD2A8	UniRef90_UPI00146CEC79
UniRef90_UPI00342AD2A8	UniRef90_A0A918LNJ4
UniRef90_UPI00342AD2A8	UniRef90_A0ABS7QQK1
UniRef90_UPI00342AD2A8	UniRef90_A0A7W9KS83
UniRef90_UPI00342AD2A8	UniRef90_A0ABY6E9S5
UniRef90_UPI00342AD2A8	UniRef90_UPI003432B930
UniRef90_UPI00342AD2A8	UniRef90_UPI0023B31EEC
UniRef90_UPI00342AD2A8	UniRef90_A0AAV2W0Z2
UniRef90_UPI00342AD2A8	UniRef90_A0A1Y6IPV8
UniRef90_UPI00342AD2A8	UniRef90_A0A2G0Q9U4
UniRef90_UPI00342AD2A8	UniRef90_A0A3N0FVU0
UniRef90_A0A1W0A357	UniRef90_A0A1W0A357
UniRef90_A0A1W0A357	UniRef90_A0A2R5GT47
UniRef90_UPI001FA72741	UniRef90_UPI001FA72741
UniRef90_UPI001FA72741	UniRef90_UPI0033EBAF6B
UniRef90_UPI001FA72741	UniRef90_A0A4V2SU70
UniRef90_A0ABN9WLM6	UniRef90_A0ABN9WLM6
UniRef90_A0A1D3D6Z0	UniRef90_A0A1D3D6Z0
UniRef90_V4ZCP3	UniRef90_V4ZCP3
UniRef90_V4ZCP3	UniRef90_A0A2A9M787
UniRef90_A0A3R9YGQ0	UniRef90_A0A3R9YGQ0
UniRef90_A0A3R9YGQ0	UniRef90_UPI00224E6899
UniRef90_A0A3R9YGQ0	UniRef90_A0A7W7CH09
UniRef90_A0A3R9YGQ0	UniRef90_UPI003658CCD6
UniRef90_A0A3R9YGQ0	UniRef90_A0A1H9MBB6
UniRef90_A0A3R9YGQ0	UniRef90_UPI0026738B80
UniRef90_A0A3R9YGQ0	UniRef90_UPI0033ADF8FA
UniRef90_A0A3R9YGQ0	UniRef90_UPI0033C5FA14
UniRef90_A0A3R9YGQ0	UniRef90_UPI00366585A1
UniRef90_A0A3R9YGQ0	UniRef90_UPI0009B746E6
UniRef90_A0A3R9YGQ0	UniRef90_UPI002554A547
UniRef90_A0A3R9YGQ0	UniRef90_A0A2P7QI39
UniRef90_A0A3R9YGQ0	UniRef90_A0AAV9IZG9
UniRef90_A0A3R9YGQ0	UniRef90_UPI00184CA8B7
UniRef90_A0A3R9YGQ0	UniRef90_UPI00286C2542
UniRef90_A0A3R9YGQ0	UniRef90_UPI0004ACAFE5
UniRef90_A0A3R9YGQ0	UniRef90_UPI001409F3EB
UniRef90_A0ABN2D7E4	UniRef90_A0ABN2D7E4
UniRef90_A0ABN2D7E4	UniRef90_UPI003BB662D5
UniRef90_A0ABN2D7E4	UniRef90_A0ABV9Y8R5
UniRef90_A0ABN2D7E4	UniRef90_A0A1T3NUT2
UniRef90_A0ABN2D7E4	UniRef90_UPI002E2D90A7
UniRef90_A0ABN2D7E4	UniRef90_H8G463
UniRef90_UPI0032444B70	UniRef90_UPI0032444B70
UniRef90_UPI0032444B70	UniRef90_UPI0033B633D9
UniRef90_UPI0032444B70	UniRef90_A0A154M547
UniRef90_UPI0032444B70	UniRef90_UPI00366B8741
UniRef90_UPI0032444B70	UniRef90_U1EWX7
UniRef90_UPI0032444B70	UniRef90_UPI0037B728E2
UniRef90_UPI0032444B70	UniRef90_UPI00137BDD33
UniRef90_UPI0032444B70	UniRef90_A0A229RFM3
UniRef90_UPI0032444B70	UniRef90_A0ABY7ZU53
UniRef90_UPI0032444B70	UniRef90_A0A1W2FV94
UniRef90_UPI0032444B70	UniRef90_UPI00037B30DE
UniRef90_UPI0032444B70	UniRef90_UPI00131E52C6
UniRef90_UPI0032444B70	UniRef90_A0A6N6VXZ3
UniRef90_UPI0032444B70	UniRef90_UPI001CE60004
UniRef90_UPI0032444B70	UniRef90_UPI00068F91FE
UniRef90_UPI0032444B70	UniRef90_UPI0037F59D97
UniRef90_UPI0032444B70	UniRef90_UPI0034521F4A
UniRef90_UPI0032444B70	UniRef90_UPI00249C4394
UniRef90_UPI0032444B70	UniRef90_UPI00340A0DB7
UniRef90_UPI0032444B70	UniRef90_A0A9X2EHR6
UniRef90_UPI0032444B70	UniRef90_UPI00307DFA00
UniRef90_UPI0032444B70	UniRef90_UPI0034153965
UniRef90_UPI0032444B70	UniRef90_UPI0033B246C9
UniRef90_UPI0032444B70	UniRef90_UPI000B9D6E2A
UniRef90_UPI0032444B70	UniRef90_UPI000E595B86
UniRef90_A0A1G2M3R9	UniRef90_A0A1G2M3R9
UniRef90_A0A9D1E554	UniRef90_A0A9D1E554
UniRef90_A0A9D1E554	UniRef90_A0A9D1MWT7
UniRef90_A0A9D1E554	UniRef90_UPI004025F73C
UniRef90_A0A6C0LYK1	UniRef90_A0A6C0LYK1
UniRef90_UPI001E60E90D	UniRef90_UPI001E60E90D
UniRef90_F4RQX6	UniRef90_F4RQX6
UniRef90_A0A1U9RRK3	UniRef90_A0A1U9RRK3
UniRef90_A0A1U9RRK3	UniRef90_Q05FP6
UniRef90_A0A1U9RRK3	UniRef90_A0AAX3N8F4
UniRef90_A0A1U9RRK3	UniRef90_A0A975AEN2
UniRef90_A0A1U9RRK3	UniRef90_A0A975ADN1
UniRef90_A0A1U9RRK3	UniRef90_UPI0014493978
UniRef90_A0A1U9RRK3	UniRef90_UPI000DC6E6E3
UniRef90_A0A1U9RRK3	UniRef90_A0A2Z5T448
UniRef90_A0A1U9RRK3	UniRef90_UPI0009BBC9AC
UniRef90_A0A1U9RRK3	UniRef90_Q8D2W6
UniRef90_A0ABQ0MAU2	UniRef90_A0ABQ0MAU2
UniRef90_A0ABQ0MAU2	UniRef90_A0A8H6SI48
UniRef90_A0ABQ0MAU2	UniRef90_A0A5N5QIP5
UniRef90_A0ABQ0MAU2	UniRef90_A0A8J7KJW4
UniRef90_A0AB34FJU8	UniRef90_A0AB34FJU8
UniRef90_A0ABR0CAI6	UniRef90_A0ABR0CAI6
UniRef90_A0ABR0CAI6	UniRef90_A0A0G4KVX5
UniRef90_A0ABR0CAI6	UniRef90_A0A2K3Q1Y1
UniRef90_A0ABR0CAI6	UniRef90_A0A348HGD5
UniRef90_A0ABR0CAI6	UniRef90_A0A543B348
UniRef90_A0ABR0CAI6	UniRef90_A0A166US22
UniRef90_A0ABR0CAI6	UniRef90_A0A0D9NYF3
UniRef90_A0A8H4RCI4	UniRef90_A0A8H4RCI4
UniRef90_A0A8H4RCI4	UniRef90_A0A0G4KEL8
UniRef90_A0A8H4RCI4	UniRef90_A0AAJ0C677
UniRef90_A0ACB7IJZ1	UniRef90_A0ACB7IJZ1
UniRef90_A0ACB7IJZ1	UniRef90_UPI0018A93DE3
UniRef90_A0ACB7IJZ1	UniRef90_UPI001F4F1C79
UniRef90_A0ACB7IJZ1	UniRef90_UPI003A89A1E2
UniRef90_A0ACB7IJZ1	UniRef90_UPI0024ADDD15
UniRef90_A0ACB7IJZ1	UniRef90_A0A3A1YG50
UniRef90_A0ACB7IJZ1	UniRef90_UPI0018599ABE
UniRef90_A0ACB7IJZ1	UniRef90_A3PFI8
UniRef90_A0ACB7IJZ1	UniRef90_A0ABY6Q821
UniRef90_A0AAV2Z6I7	UniRef90_A0AAV2Z6I7
UniRef90_A0AAV2Z6I7	UniRef90_A0ABR2UFL5
UniRef90_A0AAV2Z6I7	UniRef90_UPI00334283A5
UniRef90_A0AAV2Z6I7	UniRef90_A0A9D9NDV3
UniRef90_A0AAV2Z6I7	UniRef90_A0AB39UVT4
UniRef90_A0AAV2Z6I7	UniRef90_A0A1H3X1U6
UniRef90_A0AAV2Z6I7	UniRef90_A0A024GBB6
UniRef90_A0AAV2Z6I7	UniRef90_A0A7S0HQ19
UniRef90_A0AAV2Z6I7	UniRef90_A0A238HC61
UniRef90_A0AAV2Z6I7	UniRef90_A0A813S7H2
UniRef90_A0AAV2Z6I7	UniRef90_L0GUH6
UniRef90_A0AAV2Z6I7	UniRef90_UPI0029DBA47A
UniRef90_A0AAV2Z6I7	UniRef90_UPI00177D8A75
UniRef90_A0AAV2Z6I7	UniRef90_A0A1W6LJT0
UniRef90_A0AAV2Z6I7	UniRef90_A0A0S4KVG8
UniRef90_A0AAV2Z6I7	UniRef90_A0A1F5JDZ6
UniRef90_A0AAV2Z6I7	UniRef90_UPI00280FEBB9
UniRef90_A0AAV2Z6I7	UniRef90_A0A0F9WD77
UniRef90_A0AAV2Z6I7	UniRef90_A0A847S503
UniRef90_A0AAV2Z6I7	UniRef90_A0A433MVR6
UniRef90_A0AAV2Z6I7	UniRef90_A0A1N7RY87
UniRef90_A0AAV2Z6I7	UniRef90_A0ABW0M8H4
UniRef90_A0AAV2Z6I7	UniRef90_UPI002B05EEEA
UniRef90_A0AAV2Z6I7	UniRef90_A0A919BRL7
UniRef90_A0AAV2Z6I7	UniRef90_UPI0021C33F5A
UniRef90_A0AAV2Z6I7	UniRef90_A0A937I022
UniRef90_A0AAV2Z6I7	UniRef90_UPI001268FC95
UniRef90_A0AAV2Z6I7	UniRef90_A0A451CWI6
UniRef90_A0AAV2Z6I7	UniRef90_UPI000B344C5B
UniRef90_A0AAV2Z6I7	UniRef90_A0A4Y8MP18
UniRef90_A0AAV2Z6I7	UniRef90_A0A2N7VUI9
UniRef90_A0A2Z7A0N4	UniRef90_A0A2Z7A0N4
UniRef90_A0A2Z7A0N4	UniRef90_A0A450W8W1
UniRef90_A0A2Z7A0N4	UniRef90_D5BWN5
UniRef90_A0A2Z7A0N4	UniRef90_Q5GUT5
UniRef90_A0A2Z7A0N4	UniRef90_UPI003D0DC979
UniRef90_A0A2Z7A0N4	UniRef90_A0ABT7QKD3
UniRef90_A0A2Z7A0N4	UniRef90_A0A0M5KRY3
UniRef90_A0A2Z7A0N4	UniRef90_UPI00071BA7AF
UniRef90_A0A2Z7A0N4	UniRef90_A0A163JHW1
UniRef90_A0A2Z7A0N4	UniRef90_A0A502LA71
UniRef90_A0A2Z7A0N4	UniRef90_UPI0034E20C49
UniRef90_A0A0G2FU03	UniRef90_A0A0G2FU03
UniRef90_A0A0G2FU03	UniRef90_A0A1V6R9P5
UniRef90_A0A0G2FU03	UniRef90_U1GHN8
UniRef90_A0A0G2FU03	UniRef90_A0AAN7BYY1
UniRef90_A0A0G2FU03	UniRef90_A0A0L0TC48
UniRef90_A0AAN5YN50	UniRef90_A0AAN5YN50
UniRef90_A0AAN5YN50	UniRef90_A0A1S9DV35
UniRef90_A0AAN5YN50	UniRef90_UPI002544F638
UniRef90_A0AAN5YN50	UniRef90_U5E8U8
UniRef90_A0AAN5YN50	UniRef90_A0ABN2JUX9
UniRef90_A0AAN5YN50	UniRef90_A0A1S9S1N6
UniRef90_A0AAN5YN50	UniRef90_UPI002540DD2B
UniRef90_A0AAN5YN50	UniRef90_A0A1V6RGJ0
UniRef90_A0A0L1J5F7	UniRef90_A0A0L1J5F7
UniRef90_A0A0L1J5F7	UniRef90_UPI0025456522
UniRef90_A0A0L1J5F7	UniRef90_UPI0025498552
UniRef90_UPI00144A5908	UniRef90_UPI00144A5908
UniRef90_UPI00144A5908	UniRef90_A0ABR4MZW2
UniRef90_UPI00144A5908	UniRef90_A0AAV0ATW0
UniRef90_UPI00144A5908	UniRef90_A0A0D2X467
UniRef90_UPI00144A5908	UniRef90_UPI0022FDE365
UniRef90_UPI00144A5908	UniRef90_A0A975J041
UniRef90_UPI00144A5908	UniRef90_A0A7S2KAV3
UniRef90_UPI00144A5908	UniRef90_A0A7S1NUU0
UniRef90_UPI00144A5908	UniRef90_A0A2R5G7S9
UniRef90_UPI00144A5908	UniRef90_A0A381U484
UniRef90_UPI00144A5908	UniRef90_A0A2R5GKQ1
UniRef90_UPI00144A5908	UniRef90_A0A6C0C0M5
UniRef90_UPI00144A5908	UniRef90_UPI003221C649
UniRef90_UPI00144A5908	UniRef90_A0A6C0FAP9
UniRef90_UPI00144A5908	UniRef90_A0A1G2RL65
UniRef90_UPI00144A5908	UniRef90_A0A6C0DRC1
UniRef90_A0A8H7Q790	UniRef90_A0A8H7Q790
UniRef90_A0A0N1I1Z4	UniRef90_A0A0N1I1Z4
UniRef90_A0A0N1I1Z4	UniRef90_A0A2W1EI09
UniRef90_A0A0N1I1Z4	UniRef90_UPI0026E46062
UniRef90_A0A0N1I1Z4	UniRef90_A0ABV4P2X0
UniRef90_A0A0N1I1Z4	UniRef90_A0A840MMT4
UniRef90_A0A0N1I1Z4	UniRef90_A0A1T1GTC6
UniRef90_A0A0N1I1Z4	UniRef90_A0A178J5Y8
UniRef90_A0A0N1I1Z4	UniRef90_A0AA42CXW4
UniRef90_A0A0N1I1Z4	UniRef90_A0A944M8Z0
UniRef90_A0A0N1I1Z4	UniRef90_U7D605
UniRef90_A0A0N1I1Z4	UniRef90_UPI002747818A
UniRef90_A0A0G2EP81	UniRef90_A0A0G2EP81
UniRef90_A0A0G2EP81	UniRef90_A0AA43TSX5
UniRef90_A0A0G2EP81	UniRef90_A0A0E9NB47
UniRef90_A0A0G2EP81	UniRef90_A0A0L0FJN4
UniRef90_A0A0G2EP81	UniRef90_A0AAN6LSY2
UniRef90_A0A0G2EP81	UniRef90_A0A6H0XJG4
UniRef90_A0A0G2EP81	UniRef90_A0A4P9X961
UniRef90_A0A0G2EP81	UniRef90_A0A0G4HXA7
UniRef90_A0A0G2EP81	UniRef90_A0A427YK30
UniRef90_A0A0G2EP81	UniRef90_UPI000542AAE5
UniRef90_A0A0G2EP81	UniRef90_UPI00061A68E8
UniRef90_A0A0G2EP81	UniRef90_A0A8H7XPN0
UniRef90_A0A0G2EP81	UniRef90_A0ABY7C8U4
UniRef90_A0A0G2EP81	UniRef90_A0A180GT92
UniRef90_A0A0G2EP81	UniRef90_A0A8H5MFN6
UniRef90_A0A0G2EP81	UniRef90_A0A2G8RWQ9
UniRef90_A0A6G0WCZ7	UniRef90_A0A6G0WCZ7
UniRef90_A0A6G0WCZ7	UniRef90_L8N3F0
UniRef90_A0A6G0WCZ7	UniRef90_UPI0003726038
UniRef90_A0A6G0WCZ7	UniRef90_A0A7S1J515
UniRef90_A0A6G0WCZ7	UniRef90_A0A1Y2SH29
UniRef90_A0A6G0WCZ7	UniRef90_A0A2S4S070
UniRef90_A0A6G0WCZ7	UniRef90_UPI0031B81695
UniRef90_A0A7J6PPI9	UniRef90_A0A7J6PPI9
UniRef90_A0A7J6PPI9	UniRef90_A0A2N7W9Q0
UniRef90_A0A7J6PPI9	UniRef90_A0A0G4EUU4
UniRef90_UPI0022FE4CF0	UniRef90_UPI0022FE4CF0
UniRef90_A0A0F8UW83	UniRef90_A0A0F8UW83
UniRef90_A0A0F8UW83	UniRef90_UPI0018F4B2F2
UniRef90_A0AAF0F3Q7	UniRef90_A0AAF0F3Q7
UniRef90_A0AAF0F3Q7	UniRef90_A0A2P7YLJ4
UniRef90_A0AAF0F3Q7	UniRef90_A0A7J6NZ21
UniRef90_A0ABX8I7S4	UniRef90_A0ABX8I7S4
UniRef90_A0ABX8I7S4	UniRef90_UPI0034CE433F
UniRef90_A0ABX8I7S4	UniRef90_A0A8F2W3P4
UniRef90_A0A9Q5HUC2	UniRef90_A0A9Q5HUC2
UniRef90_A0A9Q5HUC2	UniRef90_A0A0G4IK71
UniRef90_A0A9Q5HUC2	UniRef90_A0A3G8YBA6
UniRef90_A0A9Q5HUC2	UniRef90_A0A838Y0P8
UniRef90_A0A9Q5HUC2	UniRef90_A0A180H2N2
UniRef90_A0A9Q5HUC2	UniRef90_A0A0C1JKJ3
UniRef90_A0A9P8T4T7	UniRef90_A0A9P8T4T7
UniRef90_A0A0G4KVV8	UniRef90_A0A0G4KVV8
UniRef90_A0A0G4KVV8	UniRef90_A0ABR0TQR7
UniRef90_A0A0G4KVV8	UniRef90_A0A2S7YLP0
UniRef90_A0A0G4KVV8	UniRef90_H6Q581
UniRef90_A0A9W8L8S0	UniRef90_A0A9W8L8S0
UniRef90_A0A9W8L8S0	UniRef90_A0A1Y1XCT5
UniRef90_A0A9W8L8S0	UniRef90_A0A263D8V7
UniRef90_A0A9W8L8S0	UniRef90_A0A7S0ADZ5
UniRef90_A0A9W8L8S0	UniRef90_A0A3G8ZNK1
UniRef90_A0A9W8L8S0	UniRef90_UPI003F389018
UniRef90_A0A9W8L8S0	UniRef90_A0A9W6VH39
UniRef90_A0A9W8L8S0	UniRef90_A0A8H9MBA4
UniRef90_A0A9W8L8S0	UniRef90_A0A1R1XMI7
UniRef90_A0A9W8L8S0	UniRef90_A0ABV4U344
UniRef90_A0A9W8L8S0	UniRef90_A0ABW3YK40
UniRef90_A0A9W8L8S0	UniRef90_A0A238H2C5
UniRef90_A0A9W8L8S0	UniRef90_UPI0015668206
UniRef90_A0A9W8L8S0	UniRef90_UPI00366F2D28
UniRef90_A0A9W8L8S0	UniRef90_W5WBP7
UniRef90_A0A0F8BRN2	UniRef90_A0A0F8BRN2
UniRef90_A0A0F8BRN2	UniRef90_A0AA37S8Q9
UniRef90_A0A0F8BRN2	UniRef90_A0A401FWT5
UniRef90_A0A0F8BRN2	UniRef90_F3QI58
UniRef90_A0A0F8BRN2	UniRef90_A1AM88
UniRef90_A0A0F8BRN2	UniRef90_D6YRI2
UniRef90_A0A0F8BRN2	UniRef90_A1AVX6
UniRef90_A0A0F8BRN2	UniRef90_UPI0013BCF44D
UniRef90_A0A0F8BRN2	UniRef90_S3DIR0
UniRef90_A0A0F8BRN2	UniRef90_UPI00161BB2ED
UniRef90_A0A0F8BRN2	UniRef90_A0A1G2R4T2
UniRef90_A0A0F8BRN2	UniRef90_A0A3A6TML4
UniRef90_A0A0F8BRN2	UniRef90_UPI0028690B9B
UniRef90_A0A0F8BRN2	UniRef90_UPI003EDC5041
UniRef90_A0A0F8BRN2	UniRef90_A0A395JG42
UniRef90_A0A0F8BRN2	UniRef90_UPI00039D4DEC
UniRef90_A0A0F8BRN2	UniRef90_UPI00040D7038
UniRef90_A0A0F8BRN2	UniRef90_A0A1Y6CEF8
UniRef90_A0A0F8BRN2	UniRef90_UPI0018EB6ADA
UniRef90_K1WW88	UniRef90_K1WW88
UniRef90_K1WW88	UniRef90_A0A9W4JGH3
UniRef90_A0AAD2HSA9	UniRef90_A0AAD2HSA9
UniRef90_A0A9Q5I2C3	UniRef90_A0A9Q5I2C3
UniRef90_A0A9Q5I2C3	UniRef90_A0A4Y9Z858
UniRef90_A0ACC1T8S3	UniRef90_A0ACC1T8S3
UniRef90_A0ACC1T8S3	UniRef90_A0A379C8U9
UniRef90_A0ACC1T8S3	UniRef90_UPI00301C4A30
UniRef90_A0ACC1T8S3	UniRef90_A0A7S4AZU8
UniRef90_A0ACC1T8S3	UniRef90_A0A6N7LRH4
UniRef90_A0ACC1T8S3	UniRef90_B1ZPP9
UniRef90_A0ACC1T8S3	UniRef90_A0A832N397
UniRef90_A0ACC1T8S3	UniRef90_A0A831SSG7
UniRef90_A0ACC1T8S3	UniRef90_UPI00403B3078
UniRef90_A0ACC1T8S3	UniRef90_A0A1I0TZU9
UniRef90_A0ACC1T8S3	UniRef90_A0AAT9G557
UniRef90_A0ACC1T8S3	UniRef90_A0ABM9NPJ4
UniRef90_A0ACC1T8S3	UniRef90_A0A6C0J528
UniRef90_A0A8J6C9D5	UniRef90_A0A8J6C9D5
UniRef90_A0ABP0NZ29	UniRef90_A0ABP0NZ29
UniRef90_A0ABP0NZ29	UniRef90_UPI0016000F34
UniRef90_A0ABP0NZ29	UniRef90_UPI0032B30344
UniRef90_A0ABP0NZ29	UniRef90_L1J781
UniRef90_A0ABP0NZ29	UniRef90_A0A090CYV6
UniRef90_A0ABP0NZ29	UniRef90_UPI001BC93D69
UniRef90_A0ABP0NZ29	UniRef90_UPI00311B089F
UniRef90_A0ABP0NZ29	UniRef90_A0A1H6T3F7
UniRef90_A0ABP0NZ29	UniRef90_A0ABS0B310
UniRef90_A0ABP0NZ29	UniRef90_A0A2A4X6X1
UniRef90_A0ABP0NZ29	UniRef90_A0ABX8V2C9
UniRef90_A0AAD6NHK9	UniRef90_A0AAD6NHK9
UniRef90_A0A7S3YL75	UniRef90_A0A7S3YL75
UniRef90_A0A7S3YL75	UniRef90_C4JD73
UniRef90_A0A7S3YL75	UniRef90_A0A0G4JZ76
UniRef90_A0A7S3YL75	UniRef90_UPI001EB289FF
UniRef90_A0A7S3YL75	UniRef90_A0A3G8YFN5
UniRef90_A0A7S3YL75	UniRef90_Q9UT09
UniRef90_A0A7S3YL75	UniRef90_UPI002864DA9B
UniRef90_A0A7S3YL75	UniRef90_A0A291B818
UniRef90_A0A7S3YL75	UniRef90_UPI003F8849AA
UniRef90_A0A7S3YL75	UniRef90_UPI0018C1D929
UniRef90_A0A261XXV2	UniRef90_A0A261XXV2
UniRef90_A0A261XXV2	UniRef90_A0A6C0C075
UniRef90_A0A9P6RR32	UniRef90_A0A9P6RR32
UniRef90_A0A9P6RR32	UniRef90_A0AAD5TXB5
UniRef90_A0A9P6RR32	UniRef90_A0A8H7ZR07
UniRef90_A0A1G1Y407	UniRef90_A0A1G1Y407
UniRef90_UPI003CF8EA9B	UniRef90_UPI003CF8EA9B
UniRef90_UPI003CF8EA9B	UniRef90_A0ABT0YAM6
UniRef90_UPI003CF8EA9B	UniRef90_UPI001F001442
UniRef90_UPI003CF8EA9B	UniRef90_A0A919UUV0
UniRef90_UPI003CF8EA9B	UniRef90_UPI00343869E7
UniRef90_UPI000AE5A373	UniRef90_UPI000AE5A373
UniRef90_UPI000AE5A373	UniRef90_A0A977KB19
UniRef90_UPI000AE5A373	UniRef90_A0AA37BSF4
UniRef90_UPI000AE5A373	UniRef90_A0AAX4NEW7
UniRef90_UPI000AE5A373	UniRef90_A0A1R4A9Q5
UniRef90_UPI000AE5A373	UniRef90_UPI001F01307B
UniRef90_UPI000AE5A373	UniRef90_A0A830GT53
UniRef90_Q04VK0	UniRef90_Q04VK0
UniRef90_Q04VK0	UniRef90_A0A9X3IXZ8
UniRef90_A0A5C1DEW1	UniRef90_A0A5C1DEW1
UniRef90_A0A5C1DEW1	UniRef90_UPI0030889DEB
UniRef90_A0A5C1DEW1	UniRef90_A0A377Q7J9
UniRef90_A0A5C1DEW1	UniRef90_UPI000401B410
UniRef90_A0A5C1DEW1	UniRef90_A0AAX2M8L7
UniRef90_A0A5C1DEW1	UniRef90_UPI0020B8F98C
UniRef90_A0A5C1DEW1	UniRef90_A0A918UBJ4
UniRef90_A0A1G2G5S1	UniRef90_A0A1G2G5S1
UniRef90_UPI0026052D30	UniRef90_UPI0026052D30
UniRef90_A0A445MUU7	UniRef90_A0A445MUU7
UniRef90_A0A445MUU7	UniRef90_A0AAU9EMQ0
UniRef90_A0A445MUU7	UniRef90_G7VAF8
UniRef90_A0A445MUU7	UniRef90_A0A1G1XY48
UniRef90_A0A445MUU7	UniRef90_A0A810PYB7
UniRef90_A0A445MUU7	UniRef90_UPI00131E90D6
UniRef90_A0ABX6C4T8	UniRef90_A0ABX6C4T8
UniRef90_A0ABQ6FII0	UniRef90_A0ABQ6FII0
UniRef90_A0A2U8E1V4	UniRef90_A0A2U8E1V4
UniRef90_A0A2U8E1V4	UniRef90_UPI00135B78FD
UniRef90_A0AAU7QSE8	UniRef90_A0AAU7QSE8
UniRef90_A0A1F5MHM7	UniRef90_A0A1F5MHM7
UniRef90_UPI003B5C196D	UniRef90_UPI003B5C196D
UniRef90_UPI00232DBCF4	UniRef90_UPI00232DBCF4
UniRef90_UPI001E349B57	UniRef90_UPI001E349B57
UniRef90_UPI001E349B57	UniRef90_A0A0R2G8G9
UniRef90_UPI001E349B57	UniRef90_A0A5P0ZIZ2
UniRef90_UPI001E349B57	UniRef90_A0A7X6S2V1
UniRef90_UPI001E349B57	UniRef90_A0A288QYH5
UniRef90_G0EDS9	UniRef90_G0EDS9
UniRef90_A0ABS7D0K9	UniRef90_A0ABS7D0K9
UniRef90_A0ABS7D0K9	UniRef90_A0ABV5VT53
UniRef90_A0A9D1T3D1	UniRef90_A0A9D1T3D1
UniRef90_A0A6M8SSE4	UniRef90_A0A6M8SSE4
UniRef90_A0A6M8SSE4	UniRef90_A0A4T0V628
UniRef90_A0A6M8SSE4	UniRef90_A0ABX8ZD55
UniRef90_A0A948TK01	UniRef90_A0A948TK01
UniRef90_UPI0037A2BD75	UniRef90_UPI0037A2BD75
UniRef90_UPI0037A2BD75	UniRef90_UPI002609EC07
UniRef90_UPI0015E70117	UniRef90_UPI0015E70117
UniRef90_A0A7S0BG52	UniRef90_A0A7S0BG52
UniRef90_A0ABU2NLM9	UniRef90_A0ABU2NLM9
UniRef90_A0ABU2NLM9	UniRef90_UPI0022B6AD2D
UniRef90_A0ABU2NLM9	UniRef90_UPI001908A9F0
UniRef90_A0ABU2NLM9	UniRef90_A0ABW6ITP8
UniRef90_A0ABU2NLM9	UniRef90_UPI0033AF1330
UniRef90_A0ABU2NLM9	UniRef90_UPI002DD969A8
UniRef90_A0ABU2NLM9	UniRef90_UPI000693F2F2
UniRef90_A0ABU2NLM9	UniRef90_UPI002E29BBE2
UniRef90_A0ABU2NLM9	UniRef90_A0A6C1CG66
UniRef90_A0ABU2NLM9	UniRef90_UPI0033BE14D3
UniRef90_A0ABU2NLM9	UniRef90_UPI001E5CD762
UniRef90_UPI0037BBCEE4	UniRef90_UPI0037BBCEE4
UniRef90_UPI0037BBCEE4	UniRef90_UPI003EEF2604
UniRef90_UPI000DE4B1A3	UniRef90_UPI000DE4B1A3
UniRef90_UPI000DE4B1A3	UniRef90_A0ABU2H877
UniRef90_UPI000DE4B1A3	UniRef90_UPI0033FE8244
UniRef90_UPI000DE4B1A3	UniRef90_UPI0026179235
UniRef90_UPI000DE4B1A3	UniRef90_UPI00403793E4
UniRef90_UPI000DE4B1A3	UniRef90_UPI00123A7668
UniRef90_UPI000DE4B1A3	UniRef90_A0A931DCL3
UniRef90_UPI000DE4B1A3	UniRef90_UPI0037C91A52
UniRef90_UPI000DE4B1A3	UniRef90_UPI0018953661
UniRef90_UPI000DE4B1A3	UniRef90_UPI0037A3FBEF
UniRef90_UPI000DE4B1A3	UniRef90_A0ABW1MH18
UniRef90_UPI000DE4B1A3	UniRef90_UPI0025E37C37
UniRef90_UPI000DE4B1A3	UniRef90_UPI003438BC09
UniRef90_UPI000DE4B1A3	UniRef90_A0A7W9PJQ0
UniRef90_UPI000DE4B1A3	UniRef90_UPI002FF2744A
UniRef90_UPI000DE4B1A3	UniRef90_UPI003891A1F3
UniRef90_UPI000DE4B1A3	UniRef90_UPI00366C4329
UniRef90_A0ABX7IIA3	UniRef90_A0ABX7IIA3
UniRef90_A0ABX7IIA3	UniRef90_D7BNI6
UniRef90_A0ABX7IIA3	UniRef90_A0A1H2LKC3
UniRef90_UPI00146C11C2	UniRef90_UPI00146C11C2
UniRef90_UPI00146C11C2	UniRef90_A4C851
UniRef90_UPI0033CF6E5E	UniRef90_UPI0033CF6E5E
UniRef90_UPI0033CF6E5E	UniRef90_UPI001E5CBA21
UniRef90_UPI00131D518B	UniRef90_UPI00131D518B
UniRef90_UPI00131D518B	UniRef90_A0A1L4D0A4
UniRef90_UPI00131D518B	UniRef90_A0A369KU76
UniRef90_A0AAU9J3H2	UniRef90_A0AAU9J3H2
UniRef90_A0AAU9J3H2	UniRef90_A0A1R2B1Y3
UniRef90_UPI0025AF353D	UniRef90_UPI0025AF353D
UniRef90_UPI0025AF353D	UniRef90_UPI0035268BF0
UniRef90_A0ABW0B6R4	UniRef90_A0ABW0B6R4
UniRef90_UPI0030D05103	UniRef90_UPI0030D05103
UniRef90_UPI0030D05103	UniRef90_UPI0010562DC0
UniRef90_UPI0030D05103	UniRef90_A0ABW8DAV3
UniRef90_A0A9P8Y4J0	UniRef90_A0A9P8Y4J0
UniRef90_A0A7S1N8E1	UniRef90_A0A7S1N8E1
UniRef90_UPI00280EBCE4	UniRef90_UPI00280EBCE4
UniRef90_UPI00280EBCE4	UniRef90_UPI0029C6C9FF
UniRef90_UPI0018904ACC	UniRef90_UPI0018904ACC
UniRef90_UPI0018904ACC	UniRef90_UPI00131469F7
UniRef90_A0ABU5FDL7	UniRef90_A0ABU5FDL7
UniRef90_A0ABU5FDL7	UniRef90_UPI00036F8060
UniRef90_UPI0028F048F0	UniRef90_UPI0028F048F0
UniRef90_UPI0028F048F0	UniRef90_UPI00129A1590
UniRef90_UPI0021083877	UniRef90_UPI0021083877
UniRef90_UPI0021083877	UniRef90_UPI003F61E275
UniRef90_A0A8S1KPK8	UniRef90_A0A8S1KPK8
UniRef90_UPI00364D2ED2	UniRef90_UPI00364D2ED2
UniRef90_UPI000F64D6D3	UniRef90_UPI000F64D6D3
UniRef90_A0A1Y6L4U9	UniRef90_A0A1Y6L4U9
UniRef90_A0A1Y6L4U9	UniRef90_F8ESX7
UniRef90_A0A388LH58	UniRef90_A0A388LH58
UniRef90_A0A388LH58	UniRef90_A0A8T0HGN2
UniRef90_A0A388LH58	UniRef90_A0AAE0CH70
UniRef90_A0A388LH58	UniRef90_UPI001963E8A4
UniRef90_A0A388LH58	UniRef90_A0A5J4YK40
UniRef90_A0A388LH58	UniRef90_UPI0012EF6E88
UniRef90_A0A388LH58	UniRef90_D8LFA5
UniRef90_A0A388LH58	UniRef90_A0A830HUM9
UniRef90_A0A388LH58	UniRef90_UPI003CE69F04
UniRef90_A0A388LH58	UniRef90_A0A917T656
UniRef90_A0A388LH58	UniRef90_A0A7S3FKU4
UniRef90_A0A388LH58	UniRef90_A0A1C3P800
UniRef90_A0A388LH58	UniRef90_I8T7F0
UniRef90_A0A388LH58	UniRef90_M5INP2
UniRef90_A0A388LH58	UniRef90_A0A1I0K6J8
UniRef90_A0A388LH58	UniRef90_UPI0036D7D5DA
UniRef90_A0A388LH58	UniRef90_UPI001CCB6F12
UniRef90_A0A388LH58	UniRef90_UPI000CD5278D
UniRef90_A0A388LH58	UniRef90_UPI00247354E8
UniRef90_A0A388LH58	UniRef90_A0A699YV04
UniRef90_A0A388LH58	UniRef90_A0A0F6SFS7
UniRef90_A0A388LH58	UniRef90_A0ABX8D4P2
UniRef90_A0A388LH58	UniRef90_R4YVZ3
UniRef90_A0A388LH58	UniRef90_A0A346XXF0
UniRef90_A0A388LH58	UniRef90_A0A2R8BQ73
UniRef90_A0A388LH58	UniRef90_A0ABT2K5G0
UniRef90_A0A388LH58	UniRef90_A0A1Y2K2D7
UniRef90_A0A388LH58	UniRef90_C7LYD2
UniRef90_A0A388LH58	UniRef90_A0A6J7N181
UniRef90_A0A388LH58	UniRef90_UPI00371916E6
UniRef90_A0A388LH58	UniRef90_UPI003263BDEE
UniRef90_A0A388LH58	UniRef90_A0A381R7R4
UniRef90_A0A388LH58	UniRef90_A0A7W9YLU9
UniRef90_A0A388LH58	UniRef90_A0A1L9BEP9
UniRef90_A0A388LH58	UniRef90_A0A833RGC3
UniRef90_A0A388LH58	UniRef90_A0A6A6K6Y8
UniRef90_A0A388LH58	UniRef90_UPI001FAF998F
UniRef90_A0A388LH58	UniRef90_UPI002E77257B
UniRef90_A0A388LH58	UniRef90_A0A1X7GJN0
UniRef90_A0A388LH58	UniRef90_A0A7T1TCZ2
UniRef90_A0A388LH58	UniRef90_A0ABU2J9A9
UniRef90_A0A388LH58	UniRef90_UPI003714A3B3
UniRef90_A0A388LH58	UniRef90_UPI0039B76FC3
UniRef90_A0A388LH58	UniRef90_A0A7J0E3H8
UniRef90_A0A388LH58	UniRef90_UPI003F79A86E
UniRef90_A0A388LH58	UniRef90_A0AAW0LCL2
UniRef90_A0A388LH58	UniRef90_A0AAV9II07
UniRef90_A0A388LH58	UniRef90_A0A1G8JG65
UniRef90_A0A388LH58	UniRef90_S0G214
UniRef90_A0A388LH58	UniRef90_A0A1H7V8Z8
UniRef90_A0A388LH58	UniRef90_A0AAT9FIP1
UniRef90_F0W842	UniRef90_F0W842
UniRef90_F0W842	UniRef90_A0ABR2ZEP2
UniRef90_F0W842	UniRef90_A0A0E9NN98
UniRef90_F0W842	UniRef90_A0A0D2WM34
UniRef90_F0W842	UniRef90_A0A6A7G6T4
UniRef90_F0W842	UniRef90_A0A6M1RJZ0
UniRef90_F0W842	UniRef90_UPI003B93D0E5
UniRef90_F0W842	UniRef90_A0A5A8C020
UniRef90_F0W842	UniRef90_Q0BS84
UniRef90_F0W842	UniRef90_A0A3M0A798
UniRef90_F0W842	UniRef90_A0A9D7SIA8
UniRef90_A0AAD5F728	UniRef90_A0AAD5F728
UniRef90_A0AAD5F728	UniRef90_A0AAP0JHP2
UniRef90_A0AAD5F728	UniRef90_A0AAV0HPP4
UniRef90_A0AAD5F728	UniRef90_A0A6A6K2B8
UniRef90_A0AAD5F728	UniRef90_A0A438KPW9
UniRef90_A0A2P6TZV2	UniRef90_A0A2P6TZV2
UniRef90_A0A2P6TZV2	UniRef90_A0AAN7SVX2
UniRef90_A0A2P6TZV2	UniRef90_A0A381U6L9
UniRef90_A0A2P6TZV2	UniRef90_E4TGE5
UniRef90_A0A2P6TZV2	UniRef90_UPI0019059DD2
UniRef90_A0AA36IP41	UniRef90_A0AA36IP41
UniRef90_A0A8S2AQE6	UniRef90_A0A8S2AQE6
UniRef90_A0A8S2AQE6	UniRef90_A0A426XCZ0
UniRef90_A0A8S2AQE6	UniRef90_A0A8X8VYT3
UniRef90_A0A8S2AQE6	UniRef90_A0A6A2XM19
UniRef90_A0AAD9IHV9	UniRef90_A0AAD9IHV9
UniRef90_A0AAD9IHV9	UniRef90_D5HC71
UniRef90_A0AAD9IHV9	UniRef90_UPI001784A669
UniRef90_A0AAD9IHV9	UniRef90_UPI002380DA41
UniRef90_A0AAD9IHV9	UniRef90_A0A8H9H3Y0
UniRef90_A0AAD9IHV9	UniRef90_UPI002E124D83
UniRef90_A0AAD9IHV9	UniRef90_UPI00371DEAA8
UniRef90_A0AAD9IHV9	UniRef90_A0A0G4EHY6
UniRef90_A0AAD9IHV9	UniRef90_UPI0009FAA06E
UniRef90_A0AAD9IHV9	UniRef90_UPI000DB026AA
UniRef90_A0AAD9IHV9	UniRef90_A0ABT2JN53
UniRef90_A0AAD9IHV9	UniRef90_UPI001BD961A3
UniRef90_A0AAD9IHV9	UniRef90_UPI0033BB111F
UniRef90_A0AAD9IHV9	UniRef90_UPI003F5DE38D
UniRef90_A0AAD9IHV9	UniRef90_A0ABZ2R3M2
UniRef90_A0AAD9IHV9	UniRef90_UPI0034045AD5
UniRef90_A0AAD9IHV9	UniRef90_UPI0036F0F52F
UniRef90_A0AAD9IHV9	UniRef90_S4WIM3
UniRef90_A0AAD9IHV9	UniRef90_UPI003EB734F1
UniRef90_A0AAD5RSY5	UniRef90_A0AAD5RSY5
UniRef90_A0AAD5RSY5	UniRef90_A0AAF0YE18
UniRef90_A0AAD5RSY5	UniRef90_A0A7S4DPD4
UniRef90_A0AAD5RSY5	UniRef90_A0AAN9UHD2
UniRef90_A0AAD5RSY5	UniRef90_A0A9P7GI05
UniRef90_A0AAD5RSY5	UniRef90_W9XWV4
UniRef90_A0AAD5RSY5	UniRef90_T4ZZH6
UniRef90_A0AAD5RSY5	UniRef90_A0A9W8DRE7
UniRef90_A0AAD5RSY5	UniRef90_Q01VA1
UniRef90_A0AAD5RSY5	UniRef90_A0A7S0DFF4
UniRef90_A0AAD5RSY5	UniRef90_A0A226F2B7
UniRef90_A0AAD5RSY5	UniRef90_A0A5C3ERU4
UniRef90_A0A8H3GN75	UniRef90_A0A8H3GN75
UniRef90_A0A8H3GN75	UniRef90_G7E6F1
UniRef90_A0A8H3GN75	UniRef90_A0A427Y7A4
UniRef90_A0A8H3GN75	UniRef90_A0AAD5SFK5
UniRef90_A0A8H3GN75	UniRef90_A0A0F7SSA5
UniRef90_A0A8H3GN75	UniRef90_A0A139ASF4
UniRef90_A0A8H3GN75	UniRef90_A0A9P3PQ15
UniRef90_A0A8H3GN75	UniRef90_A0A9P6NSU4
UniRef90_A0A8H3GN75	UniRef90_A0ABQ8F8U5
UniRef90_A0A8H3GN75	UniRef90_A0A1J8QJB7
UniRef90_A0A8H3GN75	UniRef90_A0A5C3MXH9
UniRef90_A0A8H3GN75	UniRef90_A0A2T9YEI2
UniRef90_A0A8H3GN75	UniRef90_A0A2N1JHL0
UniRef90_A0A8H3GN75	UniRef90_A0A0L0FJ62
UniRef90_A0A8H3GN75	UniRef90_A0A2P6N0G9
UniRef90_A0A8H3GN75	UniRef90_A0A1Y1W331
UniRef90_A0A8H3GN75	UniRef90_A0A8H5D7H2
UniRef90_A0A8H3GN75	UniRef90_A0A8H5LSG5
UniRef90_A0A8H3GN75	UniRef90_A0A316ZF85
UniRef90_A0A8H3GN75	UniRef90_UPI0027B915FB
UniRef90_A0A8H3GN75	UniRef90_A0A8H3GUC2
UniRef90_A0A5Q4BY79	UniRef90_A0A5Q4BY79
UniRef90_A0A5Q4BY79	UniRef90_A0A9Q8T3G6
UniRef90_A0A9P8A545	UniRef90_A0A9P8A545
UniRef90_A0AAV5GFM2	UniRef90_A0AAV5GFM2
UniRef90_A0AAV5GFM2	UniRef90_A0A238FAB8
UniRef90_A0AAV5GFM2	UniRef90_UPI00316D298C
UniRef90_A0AAV5GFM2	UniRef90_A0A0P1BQ31
UniRef90_A0AAV5GFM2	UniRef90_UPI0034CE5DC1
UniRef90_A0A6A6LCL5	UniRef90_A0A6A6LCL5
UniRef90_A0A6A6LCL5	UniRef90_A0A9Q0JJ26
UniRef90_A0A6A6LCL5	UniRef90_K8EFF5
UniRef90_A0A6A6LCL5	UniRef90_A0A518N5Z1
UniRef90_A0A6A6LCL5	UniRef90_A0A829YL76
UniRef90_A0A6A6LCL5	UniRef90_UPI001463D2C4
UniRef90_A0A6A6LCL5	UniRef90_D0LHN9
UniRef90_A0A6A6LCL5	UniRef90_A0A5B9PHF4
UniRef90_A0A6A6LCL5	UniRef90_A0A2V3IFY8
UniRef90_A0A6A6LCL5	UniRef90_F2UCN2
UniRef90_A0A6A6LCL5	UniRef90_UPI001F2C40B6
UniRef90_A0A6A6LCL5	UniRef90_UPI0009FE8DA5
UniRef90_A0A6A6LCL5	UniRef90_A0A347W583
UniRef90_A0A6A6LCL5	UniRef90_A0A6S6U5M9
UniRef90_A0A6A6LCL5	UniRef90_A0A1Y1SC29
UniRef90_A0A6A6LCL5	UniRef90_A0A4Y6U8S6
UniRef90_A0A4S4LBU1	UniRef90_A0A4S4LBU1
UniRef90_A0A4S4LBU1	UniRef90_A0A6B2L423
UniRef90_A0A9N8V1A6	UniRef90_A0A9N8V1A6
UniRef90_A0A9N8V1A6	UniRef90_A0A0W4ZE22
UniRef90_A0A9N8V1A6	UniRef90_A0A9N9GXS7
UniRef90_A0A9J6ALB3	UniRef90_A0A9J6ALB3
UniRef90_A0A9J6ALB3	UniRef90_A2XHI6
UniRef90_A0A0D3H1H8	UniRef90_A0A0D3H1H8
UniRef90_A0A1G2QX84	UniRef90_A0A1G2QX84
UniRef90_A0A1G2QX84	UniRef90_A0A8J3BCI9
UniRef90_A0A1G2QX84	UniRef90_A0A1F5NJB7
UniRef90_A0A1G2QX84	UniRef90_UPI000582484C
UniRef90_A0A1G2QX84	UniRef90_A0AA35WDP0
UniRef90_A0A1G2QX84	UniRef90_C7DH22
UniRef90_A0ACC2IAQ6	UniRef90_A0ACC2IAQ6
UniRef90_K2G4Z0	UniRef90_K2G4Z0
UniRef90_A0A0P1BF49	UniRef90_A0A0P1BF49
UniRef90_A0A0P1BF49	UniRef90_A0A0L0V4T6
UniRef90_A0A9P8MJC6	UniRef90_A0A9P8MJC6
UniRef90_A0ACC1T4S2	UniRef90_A0ACC1T4S2
UniRef90_A0ACC1T4S2	UniRef90_A0A917LU79
UniRef90_A0ACC1T4S2	UniRef90_UPI003D349D71
UniRef90_A0ACC1T4S2	UniRef90_UPI003343D77C
UniRef90_A0ACC1T4S2	UniRef90_UPI0025485208
UniRef90_A0A2P4ZUV1	UniRef90_A0A2P4ZUV1
UniRef90_A0A2P4ZUV1	UniRef90_A0A2X0KLJ2
UniRef90_A0A2P4ZUV1	UniRef90_A0A9P4JRY1
UniRef90_A0A2P4ZUV1	UniRef90_A0A8H4WV21
UniRef90_A0A316UHM6	UniRef90_A0A316UHM6
UniRef90_A0A316UHM6	UniRef90_A0A517R5A0
UniRef90_A0A316UHM6	UniRef90_E8R3R3
UniRef90_A0A316UHM6	UniRef90_UPI003013488B
UniRef90_A0A316UHM6	UniRef90_A0A1J5SIF3
UniRef90_A0A316UHM6	UniRef90_A0A366HJW4
UniRef90_A0A316UHM6	UniRef90_A7NM88
UniRef90_A0A316UHM6	UniRef90_Q7NMN1
UniRef90_A0A316UHM6	UniRef90_A0ABY8MJK7
UniRef90_A0A316UHM6	UniRef90_UPI0002ABBA19
UniRef90_A0A316UHM6	UniRef90_A1BBF8
UniRef90_A0A316UHM6	UniRef90_UPI003FA2D85E
UniRef90_A0A316UHM6	UniRef90_UPI003C77E46C
UniRef90_A0A316UHM6	UniRef90_UPI0022B25A64
UniRef90_A0A316UHM6	UniRef90_A0AA35RVB7
UniRef90_A0A316UHM6	UniRef90_UPI00052D1F3D
UniRef90_A0A316UHM6	UniRef90_E0RRE2
UniRef90_A0A316UHM6	UniRef90_A0A842HA38
UniRef90_A0A316UHM6	UniRef90_UPI0026033A74
UniRef90_A0A316UHM6	UniRef90_A0AA51X6I8
UniRef90_A0A316UHM6	UniRef90_A0A328FI48
UniRef90_A0A316UHM6	UniRef90_A0A1U9NKE3
UniRef90_A0A316UHM6	UniRef90_A6DI43
UniRef90_A0A316UHM6	UniRef90_A0AAJ1MN76
UniRef90_UPI003801F07A	UniRef90_UPI003801F07A
UniRef90_UPI003801F07A	UniRef90_UPI001E4AEBAA
UniRef90_UPI003801F07A	UniRef90_A0ABS4TRQ7
UniRef90_UPI003801F07A	UniRef90_A0A6P2C9K3
UniRef90_UPI003801F07A	UniRef90_A0A8J4AE96
UniRef90_UPI003801F07A	UniRef90_A0A840NJC5
UniRef90_UPI003801F07A	UniRef90_UPI0007C78840
UniRef90_UPI003801F07A	UniRef90_UPI0009B3AC42
UniRef90_UPI003801F07A	UniRef90_UPI002B29E58D
UniRef90_UPI003801F07A	UniRef90_UPI00274C0E02
UniRef90_UPI003801F07A	UniRef90_A0A8J3JAI2
UniRef90_UPI003801F07A	UniRef90_UPI0037962339
UniRef90_UPI003801F07A	UniRef90_A0A1J0VTM0
UniRef90_UPI003801F07A	UniRef90_A0A0H5DNR2
UniRef90_UPI003801F07A	UniRef90_UPI001F399996
UniRef90_UPI003801F07A	UniRef90_UPI0039EB6D33
UniRef90_A0A370TWY2	UniRef90_A0A370TWY2
UniRef90_A0A370TWY2	UniRef90_A0A553IDF2
UniRef90_A0A370TWY2	UniRef90_A0AAN6V2P1
UniRef90_A0A370TWY2	UniRef90_A0A9P7YP11
UniRef90_A0AAD5YPD5	UniRef90_A0AAD5YPD5
UniRef90_A0A8H3UA09	UniRef90_A0A8H3UA09
UniRef90_A0A9P6W835	UniRef90_A0A9P6W835
UniRef90_A0A9P6W835	UniRef90_A0A382HVP1
UniRef90_A0A9P6W835	UniRef90_I4B5D1
UniRef90_A0A9P6W835	UniRef90_A0A2Z4AG61
UniRef90_A0A9P6W835	UniRef90_A0A6B2M4Q6
UniRef90_A0A367L4T4	UniRef90_A0A367L4T4
UniRef90_A0A8J6C3S6	UniRef90_A0A8J6C3S6
UniRef90_A0A8J6C3S6	UniRef90_A0AB34JE75
UniRef90_A0A1V9YHD4	UniRef90_A0A1V9YHD4
UniRef90_A0A9W8B222	UniRef90_A0A9W8B222
UniRef90_A0A9P9WNM6	UniRef90_A0A9P9WNM6
UniRef90_A0A813HGN0	UniRef90_A0A813HGN0
UniRef90_A0AAN8I163	UniRef90_A0AAN8I163
UniRef90_A0ACC1Q1S5	UniRef90_A0ACC1Q1S5
UniRef90_A0A1W5CUU9	UniRef90_A0A1W5CUU9
UniRef90_A0A9W4WNX2	UniRef90_A0A9W4WNX2
UniRef90_A0A9W4WNX2	UniRef90_A0A8H7ZW20
UniRef90_A0AB34J583	UniRef90_A0AB34J583
UniRef90_A0AB34J583	UniRef90_A0A7S2NAS4
UniRef90_A0AB34J583	UniRef90_A0A7S0JJQ6
UniRef90_A0A9X8DXU7	UniRef90_A0A9X8DXU7
UniRef90_A0A9X8DXU7	UniRef90_A0A0H3EE49
UniRef90_A0A9X8DXU7	UniRef90_A0AA41QGQ3
UniRef90_A0A9X8DXU7	UniRef90_A0A366KCA8
UniRef90_A0A9X8DXU7	UniRef90_UPI002A541B47
UniRef90_A0A4T0QWK6	UniRef90_A0A4T0QWK6
UniRef90_A0A4T0QWK6	UniRef90_F2BAF5
UniRef90_A0A4T0QWK6	UniRef90_A0A381VIK6
UniRef90_A0A4T0QWK6	UniRef90_A0A6G8PV92
UniRef90_A0A4T0QWK6	UniRef90_A0A2S4K1P7
UniRef90_A0A4T0QWK6	UniRef90_Q8FQR5
UniRef90_A0A4T0QWK6	UniRef90_UPI00352A8907
UniRef90_A0A4T0QWK6	UniRef90_A0A6C0U0V1
UniRef90_A0A4T0QWK6	UniRef90_UPI00140BB7EE
UniRef90_A0A4T0QWK6	UniRef90_H9UIJ6
UniRef90_A0A4T0QWK6	UniRef90_A0A2Z2NSN6
UniRef90_A0A4T0QWK6	UniRef90_E1R732
UniRef90_A0A4T0QWK6	UniRef90_A0A098QZB5
UniRef90_A0A4T0QWK6	UniRef90_A0AAU8RR92
UniRef90_A0A4T0QWK6	UniRef90_A0A917PYI9
UniRef90_A0A4T0QWK6	UniRef90_UPI001AF2C244
UniRef90_A0A4T0QWK6	UniRef90_A0A8J2BN58
UniRef90_A0A4T0QWK6	UniRef90_A0A426TWQ5
UniRef90_A0A4T0QWK6	UniRef90_UPI00087AF120
UniRef90_A0A4T0QWK6	UniRef90_UPI000421C5B1
UniRef90_A0A4T0QWK6	UniRef90_A0A1G2P2S8
UniRef90_A0A4T0QWK6	UniRef90_UPI0007C2FE55
UniRef90_A0A4T0QWK6	UniRef90_UPI001D0029E8
UniRef90_A0A4T0QWK6	UniRef90_A0A841RFC4
UniRef90_A0A4T0QWK6	UniRef90_A0A432GPV7
UniRef90_A0A4T0QWK6	UniRef90_A0A5C1Q5Z3
UniRef90_A0A7J6MZR8	UniRef90_A0A7J6MZR8
UniRef90_A0A397GRB9	UniRef90_A0A397GRB9
UniRef90_A0A397GRB9	UniRef90_A0A9P6NJW7
UniRef90_A0A397GRB9	UniRef90_A0A1Y2H6Y6
UniRef90_A0A9W8IGU6	UniRef90_A0A9W8IGU6
UniRef90_A0A4U0VBS7	UniRef90_A0A4U0VBS7
UniRef90_A0A507BX71	UniRef90_A0A507BX71
UniRef90_A0A507BX71	UniRef90_A0A507DDE9
UniRef90_A0A9P6W3R5	UniRef90_A0A9P6W3R5
UniRef90_A0A2X3J117	UniRef90_A0A2X3J117
UniRef90_A0A2X3J117	UniRef90_A0A6C0IWW4
UniRef90_A0A2X3J117	UniRef90_Q6LGA9
UniRef90_A0A2X3J117	UniRef90_UPI0025C02690
UniRef90_A0A2X3J117	UniRef90_A0A9Q8X283
UniRef90_A0A2X3J117	UniRef90_UPI002F935694
UniRef90_A0AAN6RBD7	UniRef90_A0AAN6RBD7
UniRef90_A0A9Q3C6Z4	UniRef90_A0A9Q3C6Z4
UniRef90_A0A9Q3C6Z4	UniRef90_A0A0L6U5Y8
UniRef90_A0A6C0U3I6	UniRef90_A0A6C0U3I6
UniRef90_A0A6C0U3I6	UniRef90_Q82W64
UniRef90_A0A6C0U3I6	UniRef90_UPI003D32BC6D
UniRef90_A0A6C0U3I6	UniRef90_A0A7M2K9I9
UniRef90_A0ABR4NC25	UniRef90_A0ABR4NC25
UniRef90_A0ABR4NC25	UniRef90_UPI002B21383A
UniRef90_A0ABR4NC25	UniRef90_A0A0U1DSS9
UniRef90_A0AAN6G947	UniRef90_A0AAN6G947
UniRef90_A0A9N8VFS6	UniRef90_A0A9N8VFS6
UniRef90_A0AAE9MS66	UniRef90_A0AAE9MS66
UniRef90_A0AAE9MS66	UniRef90_A0A1G2QYY4
UniRef90_A0AAE9MS66	UniRef90_A0A7W9SU22
UniRef90_A0AAE9MS66	UniRef90_A0AA36UVY0
UniRef90_A0AAE9MS66	UniRef90_A0A1C3EJX8
UniRef90_A0AAE9MS66	UniRef90_A0A1C3IP09
UniRef90_A0AAE9MS66	UniRef90_A0A1Y1RXI1
UniRef90_A0AAE9MS66	UniRef90_A0A653KUD8
UniRef90_A0AAE9MS66	UniRef90_UPI00384CB985
UniRef90_A0AAE9MS66	UniRef90_A0A375A9G9
UniRef90_A0AAE9MS66	UniRef90_D3Q5B4
UniRef90_A0AAE9MS66	UniRef90_A0A895XGH8
UniRef90_UPI00215F592C	UniRef90_UPI00215F592C
UniRef90_UPI00215F592C	UniRef90_A0A1H4LER5
UniRef90_UPI00215F592C	UniRef90_A0ABS8P6U0
UniRef90_UPI00315CD011	UniRef90_UPI00315CD011
UniRef90_UPI00315CD011	UniRef90_A0A1E4SDM3
UniRef90_UPI00315CD011	UniRef90_A0A9P8AK83
UniRef90_UPI00315CD011	UniRef90_F2QSX5
UniRef90_UPI00315CD011	UniRef90_A5DB91
UniRef90_A0ACC2V0S5	UniRef90_A0ACC2V0S5
UniRef90_A0ACC2V0S5	UniRef90_UPI0021B18F86
UniRef90_A0ACC2V0S5	UniRef90_A0A7S4FFK4
UniRef90_A0ACC2V0S5	UniRef90_A0A972FVG7
UniRef90_A0ACC2V0S5	UniRef90_A0ABS7DFK6
UniRef90_A0ACC2V0S5	UniRef90_A0A365QSJ1
UniRef90_A0ACC2V0S5	UniRef90_UPI0020282D02
UniRef90_A0ACC2V0S5	UniRef90_A0A2M8LFA2
UniRef90_A0ACC2V0S5	UniRef90_A0A381RCI4
UniRef90_A0ACC2V0S5	UniRef90_A0A9E8KIX2
UniRef90_A0ACC2V0S5	UniRef90_A0A510I1T7
UniRef90_A0ACC2V0S5	UniRef90_A0A6P1M6Z3
UniRef90_A0ACC2V0S5	UniRef90_A0ABS0GFG8
UniRef90_A0ACC2V0S5	UniRef90_A0A1Z1LZD8
UniRef90_A0ACC2V0S5	UniRef90_A0A2I6PFA7
UniRef90_A0AB33VHD4	UniRef90_A0AB33VHD4
UniRef90_A0AB33VHD4	UniRef90_A0A366H345
UniRef90_A0AB33VHD4	UniRef90_Q5NG89
UniRef90_A0AB33VHD4	UniRef90_A0A0W0WLE3
UniRef90_A0AB33VHD4	UniRef90_A0A2H0V1X7
UniRef90_A0AB33VHD4	UniRef90_D4G7V0
UniRef90_A0AB33VHD4	UniRef90_UPI000B1B243A
UniRef90_A0AB33VHD4	UniRef90_UPI001EF330AB
UniRef90_A0AB33VHD4	UniRef90_A0A381V4H1
UniRef90_A0AB33VHD4	UniRef90_A0A1F7RUL2
UniRef90_A0AB33VHD4	UniRef90_A0A5J6VKX2
UniRef90_A0A517NEF1	UniRef90_A0A517NEF1
UniRef90_A0A517NEF1	UniRef90_A0A5E8CIH0
UniRef90_A0A517NEF1	UniRef90_A0A7U9GET2
UniRef90_A0A517NEF1	UniRef90_M5E3H3
UniRef90_A0A517NEF1	UniRef90_A0A8J7L1A5
UniRef90_A0A517NEF1	UniRef90_K9UNK3
UniRef90_A0A517NEF1	UniRef90_A0A2K4MTA9
UniRef90_A0A517NEF1	UniRef90_A0A2H9T465
UniRef90_A0A517NEF1	UniRef90_A0A1T0CKD9
UniRef90_A0A517NEF1	UniRef90_A0A0F9P5Y8
UniRef90_A0A517NEF1	UniRef90_A0A078KEH3
UniRef90_A0A7S1A5L7	UniRef90_A0A7S1A5L7
UniRef90_A0A1H3BJK1	UniRef90_A0A1H3BJK1
UniRef90_A0A1H3BJK1	UniRef90_A0A2P2I4I2
UniRef90_UPI003661D38A	UniRef90_UPI003661D38A
UniRef90_UPI003661D38A	UniRef90_A0A1H3R7Z9
UniRef90_UPI003661D38A	UniRef90_A0ABR2HKE6
UniRef90_UPI003661D38A	UniRef90_UPI000AC882F6
UniRef90_UPI003661D38A	UniRef90_A0ABT1I0F3
UniRef90_UPI003661D38A	UniRef90_UPI00195C8EE2
UniRef90_UPI003661D38A	UniRef90_A0A844G302
UniRef90_UPI003661D38A	UniRef90_A0A4P7XJE8
UniRef90_UPI003661D38A	UniRef90_UPI000C61461D
UniRef90_UPI003661D38A	UniRef90_A0A222FRD6
UniRef90_UPI003661D38A	UniRef90_A0ABN0TI64
UniRef90_UPI003661D38A	UniRef90_A0A1Y0IG65
UniRef90_UPI003661D38A	UniRef90_A0A084IKC2
UniRef90_UPI003661D38A	UniRef90_A0A1E2VF24
UniRef90_UPI003661D38A	UniRef90_A0A928V3Q0
UniRef90_UPI003661D38A	UniRef90_UPI0033C44CC0
UniRef90_UPI003661D38A	UniRef90_A0ABR9BMW8
UniRef90_UPI003661D38A	UniRef90_UPI001C7CF957
UniRef90_UPI0027DF1715	UniRef90_UPI0027DF1715
UniRef90_UPI0027DF1715	UniRef90_A0A0A1FB14
UniRef90_UPI0027DF1715	UniRef90_A0A2A2ALZ9
UniRef90_UPI0027DF1715	UniRef90_A0A6J4VJK5
UniRef90_UPI0027DF1715	UniRef90_A0A3D9V423
UniRef90_UPI0027DF1715	UniRef90_UPI00331FB835
UniRef90_UPI0027DF1715	UniRef90_A0A0R2X686
UniRef90_UPI0027DF1715	UniRef90_UPI001BACB535
UniRef90_UPI0027DF1715	UniRef90_A0A2U8DZP5
UniRef90_UPI0027DF1715	UniRef90_UPI00272DCB61
UniRef90_UPI0027DF1715	UniRef90_A5EXY7
UniRef90_UPI0027DF1715	UniRef90_A0A238JI90
UniRef90_A0A6C0ACG5	UniRef90_A0A6C0ACG5
UniRef90_A0A6C0ACG5	UniRef90_A0A8J1XGX9
UniRef90_A0A6C0ACG5	UniRef90_A0A177XU50
UniRef90_Q2LQV5	UniRef90_Q2LQV5
UniRef90_Q2LQV5	UniRef90_A0A517ZTD5
UniRef90_Q2LQV5	UniRef90_Q7MNL4
UniRef90_Q2LQV5	UniRef90_A0A0W1AK67
UniRef90_Q2LQV5	UniRef90_D7CU45
UniRef90_Q2LQV5	UniRef90_A0A1F7F588
UniRef90_A0A813FH75	UniRef90_A0A813FH75
UniRef90_A0A291RGX8	UniRef90_A0A291RGX8
UniRef90_A0A291RGX8	UniRef90_UPI0036612F34
UniRef90_A0A291RGX8	UniRef90_K4NYQ3
UniRef90_A0A291RGX8	UniRef90_W0E5V1
UniRef90_A0A291RGX8	UniRef90_A0A8J7WM83
UniRef90_A0A291RGX8	UniRef90_A0A7Y9E5G8
UniRef90_A0A291RGX8	UniRef90_UPI001CC724A5
UniRef90_A0A291RGX8	UniRef90_A0A2W5Z874
UniRef90_A0A291RGX8	UniRef90_A0A934K748
UniRef90_A0A291RGX8	UniRef90_A0A5B9DBP6
UniRef90_A0A291RGX8	UniRef90_UPI00388FB5A7
UniRef90_A0A291RGX8	UniRef90_B2A726
UniRef90_A0A291RGX8	UniRef90_UPI00065E38F1
UniRef90_A0A291RGX8	UniRef90_A0A9D1SE56
UniRef90_A0A291RGX8	UniRef90_A0A8J7PKQ4
UniRef90_A0A291RGX8	UniRef90_UPI00209AE9FE
UniRef90_A0A291RGX8	UniRef90_A0A953IGM9
UniRef90_A0A291RGX8	UniRef90_A0A1G7A3C3
UniRef90_A0A291RGX8	UniRef90_Q980J0
UniRef90_A0A544QYR0	UniRef90_A0A544QYR0
UniRef90_A0A544QYR0	UniRef90_A0A1Y6BLP2
UniRef90_A0A544QYR0	UniRef90_A0ABY6HU42
UniRef90_A0A544QYR0	UniRef90_A0A918XUS8
UniRef90_A0A544QYR0	UniRef90_A0ABC8CYC9
UniRef90_A0A544QYR0	UniRef90_A0A101K657
UniRef90_A0A544QYR0	UniRef90_Q6MHQ5
UniRef90_UPI0035D4DDBE	UniRef90_UPI0035D4DDBE
UniRef90_A0A150M4F4	UniRef90_A0A150M4F4
UniRef90_A0A150M4F4	UniRef90_A0A1I2RDB5
UniRef90_A0A150M4F4	UniRef90_A0ABQ4NFQ8
UniRef90_A0A150M4F4	UniRef90_A0A1B3XTE5
UniRef90_A0A150M4F4	UniRef90_UPI0010091861
UniRef90_A0A150M4F4	UniRef90_A0A653IAS0
UniRef90_A0A150M4F4	UniRef90_A0A2W6NLH2
UniRef90_A0A150M4F4	UniRef90_A0ABT3WXI5
UniRef90_A0A150M4F4	UniRef90_UPI0017461001
UniRef90_A0A150M4F4	UniRef90_A0A268AEG0
UniRef90_A0A150M4F4	UniRef90_A0ABT8E3U0
UniRef90_A0A150M4F4	UniRef90_A0A662Z2V5
UniRef90_A0A150M4F4	UniRef90_U2FLK7
UniRef90_A0A150M4F4	UniRef90_UPI000CD41E9A
UniRef90_A0A150M4F4	UniRef90_A0ABY4EDS2
UniRef90_A0A150M4F4	UniRef90_A0A941DXQ5
UniRef90_A0A150M4F4	UniRef90_UPI0005CC8ED4
UniRef90_A0A150M4F4	UniRef90_Q5JFX0
UniRef90_A0A150M4F4	UniRef90_UPI0025E6992D
UniRef90_A0A150M4F4	UniRef90_A0A2N6MNP3
UniRef90_A0A150M4F4	UniRef90_A0A3N5C5V9
UniRef90_A0A150M4F4	UniRef90_A0A8J8MHY5
UniRef90_A0A150M4F4	UniRef90_A0A383RE39
UniRef90_A0A150M4F4	UniRef90_A0ABZ3CEX4
UniRef90_A0A150M4F4	UniRef90_D7CQR9
UniRef90_A0A150M4F4	UniRef90_UPI001FE533E7
UniRef90_A0A150M4F4	UniRef90_A0A0R1W8A2
UniRef90_A0A150M4F4	UniRef90_A0A0R2BFF7
UniRef90_A0A150M4F4	UniRef90_A0A5R8QFU9
UniRef90_A0A150M4F4	UniRef90_UPI0004810102
UniRef90_A0A150M4F4	UniRef90_UPI001FA8A758
UniRef90_A0A150M4F4	UniRef90_A0A1F7GJC0
UniRef90_A0A150M4F4	UniRef90_A0A9D1G833
UniRef90_A0A150M4F4	UniRef90_UPI000422123D
UniRef90_Q098E8	UniRef90_Q098E8
UniRef90_Q098E8	UniRef90_A0A1H3LQ47
UniRef90_Q098E8	UniRef90_UPI001C82C349
UniRef90_Q098E8	UniRef90_A0A381S0Y9
UniRef90_Q098E8	UniRef90_A0A0Q9YS94
UniRef90_UPI0025BA206F	UniRef90_UPI0025BA206F
UniRef90_A0ABS9NN92	UniRef90_A0ABS9NN92
UniRef90_A0ABS9NN92	UniRef90_UPI0026DD27F1
UniRef90_A0ABS9NN92	UniRef90_A0A5J6PTF6
UniRef90_A0ABS9NN92	UniRef90_UPI00056C0E1B
UniRef90_A0ABS9NN92	UniRef90_UPI0026DD2ABE
UniRef90_A0ABS9NN92	UniRef90_UPI003EBA7D29
UniRef90_A0A318QUV8	UniRef90_A0A318QUV8
UniRef90_A0A318QUV8	UniRef90_UPI003F878DC8
UniRef90_A0A841H812	UniRef90_A0A841H812
UniRef90_A0AAX3LVC3	UniRef90_A0AAX3LVC3
UniRef90_A0A9P1FF84	UniRef90_A0A9P1FF84
UniRef90_A0A9P1FF84	UniRef90_A0A8J7P7M7
UniRef90_A0A9P1FF84	UniRef90_A0A6J4NRI9
UniRef90_A0A9P1FF84	UniRef90_A0A075TZM3
UniRef90_A0A9P1FF84	UniRef90_UPI003437E185
UniRef90_A0A9P1FF84	UniRef90_A0A368T8L8
UniRef90_A0A9P1FF84	UniRef90_A0AAE3KP14
UniRef90_A0A9P1FF84	UniRef90_E6QHH0
UniRef90_A0A9P1FF84	UniRef90_A0A948RTH1
UniRef90_A0A9P1FF84	UniRef90_Q7NP64
UniRef90_A0A9P1FF84	UniRef90_E8QWX1
UniRef90_A0A9P1FF84	UniRef90_UPI003D16798C
UniRef90_A0A9P1FF84	UniRef90_A0A7J4JH81
UniRef90_A0A9P1FF84	UniRef90_A0A1F5YKU0
UniRef90_A0A9P1FF84	UniRef90_A0A5C5X839
UniRef90_A0A9P1FF84	UniRef90_UPI00260FB840
UniRef90_A0A9P1FF84	UniRef90_UPI001BAA6086
UniRef90_A0A9P1FF84	UniRef90_A0A401Z601
UniRef90_A0A9P1FF84	UniRef90_A0A518D464
UniRef90_A0A9P1FF84	UniRef90_A0A1M6GS43
UniRef90_A0A9P1FF84	UniRef90_C9N0Y8
UniRef90_A0A9P1FF84	UniRef90_UPI001C3D1A6A
UniRef90_A0A9P1FF84	UniRef90_UPI000EF25AA9
UniRef90_A0A9P1FF84	UniRef90_H0EAI2
UniRef90_A0A9P1FF84	UniRef90_A0A7M2WTL3
UniRef90_A0A9P1FF84	UniRef90_A0A6J4V331
UniRef90_A0A9P1FF84	UniRef90_A0AC61MWA3
UniRef90_A0A9P1FF84	UniRef90_UPI00189694A3
UniRef90_A0A9P1FF84	UniRef90_A0ABW5S4C2
UniRef90_A0A9P1FF84	UniRef90_A0ABQ3V634
UniRef90_A0A9P1FF84	UniRef90_A0A2S8SRQ6
UniRef90_A0A9P1FF84	UniRef90_A0A3A4QQ83
UniRef90_A0A9P1FF84	UniRef90_A0A150JBJ2
UniRef90_A0A9P1FF84	UniRef90_A0A2G9YWC3
UniRef90_A0A9P1FF84	UniRef90_A0AA48K8Y6
UniRef90_A0A9P1FF84	UniRef90_A0A7G1G8D8
UniRef90_A0A9P1FF84	UniRef90_UPI00036263BE
UniRef90_A0A9P1FF84	UniRef90_UPI002F410863
UniRef90_A0A9P1FF84	UniRef90_A0A1T4KMK8
UniRef90_A0A9P1FF84	UniRef90_UPI00200A190E
UniRef90_A0A1H0VMV8	UniRef90_A0A1H0VMV8
UniRef90_A0A1H0VMV8	UniRef90_A0ABT7UQK2
UniRef90_A0A1H0VMV8	UniRef90_S0EYF0
UniRef90_A0A1H0VMV8	UniRef90_A0A9D2S323
UniRef90_A0A1H0VMV8	UniRef90_A0A8J6NK80
UniRef90_A0A1H0VMV8	UniRef90_A0A2Z4FIE8
UniRef90_A0A1H0VMV8	UniRef90_A0A9X7VWA2
UniRef90_A0A1H0VMV8	UniRef90_K8ZNU4
UniRef90_A0A1H0VMV8	UniRef90_UPI0003EECFED
UniRef90_A0A1H0VMV8	UniRef90_H0UNF0
UniRef90_A0A1H0VMV8	UniRef90_A0ABU0ZDR2
UniRef90_A0A1H0VMV8	UniRef90_UPI000F591871
UniRef90_A0A1H0VMV8	UniRef90_UPI003979D70C
UniRef90_A0A1H0VMV8	UniRef90_I2F6C3
UniRef90_A0A1H0VMV8	UniRef90_A0A7J4IWI0
UniRef90_A0A1H0VMV8	UniRef90_A0A518BRV1
UniRef90_A0A1H0VMV8	UniRef90_A0A8J6XRT7
UniRef90_A0A1H0VMV8	UniRef90_UPI0026666450
UniRef90_A0A1H0VMV8	UniRef90_UPI00105A6888
UniRef90_A0A1H0VMV8	UniRef90_A0A1Z3HJI8
UniRef90_A0AAE0VM30	UniRef90_A0AAE0VM30
UniRef90_A0AAE0VM30	UniRef90_A0A0S2I2A0
UniRef90_A0AAE0VM30	UniRef90_A0A1N6Y2K6
UniRef90_A0AAE0VM30	UniRef90_A0A1N7L9M7
UniRef90_A0AAE0VM30	UniRef90_A0A4R6IQQ2
UniRef90_A0AAE0VM30	UniRef90_A0ABW9RVD4
UniRef90_A0AAE0VM30	UniRef90_A0A5C6RPP3
UniRef90_A0AAE0VM30	UniRef90_UPI00288B3622
UniRef90_A0AAE0VM30	UniRef90_A0A2M7G0A1
UniRef90_A0AAE0VM30	UniRef90_A0ABU5VWS3
UniRef90_A0AAE0VM30	UniRef90_A0A5M6CL81
UniRef90_A0AAE0VM30	UniRef90_A0A6N9NIL4
UniRef90_A0AAE0VM30	UniRef90_UPI0027B8A7CB
UniRef90_A0AAE0VM30	UniRef90_A0A9D9J704
UniRef90_A0AAE0VM30	UniRef90_UPI0010CD28DF
UniRef90_A0AAE0VM30	UniRef90_E4TLD4
UniRef90_A0AAE0VM30	UniRef90_A0ABY0ILB8
UniRef90_A0AAE0VM30	UniRef90_A0AAW6TZW7
UniRef90_A0AAE0VM30	UniRef90_UPI00338E7F0A
UniRef90_A0AAE0VM30	UniRef90_A0A916NK96
UniRef90_A0AAE0VM30	UniRef90_UPI002BB685ED
UniRef90_A0AAE0VM30	UniRef90_A0A1G6SIL6
UniRef90_A0AAE0VM30	UniRef90_UPI00140E14D2
UniRef90_A0AAE0VM30	UniRef90_A0A2V3ZWV3
UniRef90_A0AAE0VM30	UniRef90_A0A9D9N977
UniRef90_A0AAE0VM30	UniRef90_A0A369QL47
UniRef90_A0AAE0VM30	UniRef90_H6L1W9
UniRef90_A0AAE0VM30	UniRef90_A0A434AZL3
UniRef90_A0AAE0VM30	UniRef90_UPI0025B0FE21
UniRef90_A0AAE0VM30	UniRef90_UPI0009DE8714
UniRef90_A0AAE0VM30	UniRef90_UPI00266F490E
UniRef90_A0AAE0VM30	UniRef90_UPI0025A54240
UniRef90_A0AAE0VM30	UniRef90_A0A0A2FRL6
UniRef90_A0AAE0VM30	UniRef90_A0A1I2B1T2
UniRef90_A0AAE0VM30	UniRef90_A0A4D7K7Z4
UniRef90_A0AAE0VM30	UniRef90_UPI002965F500
UniRef90_A0AAE0VM30	UniRef90_A0A0S7BZG5
UniRef90_A0AAE0VM30	UniRef90_UPI0026DAA32F
UniRef90_A0AAE0VM30	UniRef90_UPI0004160C04
UniRef90_A0AAE0VM30	UniRef90_UPI001435274B
UniRef90_A0AAE0VM30	UniRef90_A0A255ZUM7
UniRef90_A0AAE0VM30	UniRef90_C9LD95
UniRef90_A0AAE0VM30	UniRef90_UPI001CD712E8
UniRef90_A0AAE0VM30	UniRef90_A0A2W1NJG4
UniRef90_A0AAE0VM30	UniRef90_A0ABW3HZS8
UniRef90_A0AAE0VM30	UniRef90_A0A395M225
UniRef90_A0AAE0VM30	UniRef90_A0A379DXQ3
UniRef90_A0AAE0VM30	UniRef90_A0A1I7MZC1
UniRef90_A0AAE0VM30	UniRef90_C6BZ48
UniRef90_A0AAE0VM30	UniRef90_A0A2G0CFA2
UniRef90_A0AAE0VM30	UniRef90_A0A0S2HZE9
UniRef90_A0AAE0VM30	UniRef90_UPI002E75FF49
UniRef90_A0AAE0VM30	UniRef90_UPI001C8E5C87
UniRef90_A0AAE0VM30	UniRef90_UPI0030A3CF5D
UniRef90_A0AAE0VM30	UniRef90_A0A9D2DEB1
UniRef90_A0AAE0VM30	UniRef90_UPI0027E429C4
UniRef90_A0AAE0VM30	UniRef90_A0A9D9DSF8
UniRef90_A0A4R1QS54	UniRef90_A0A4R1QS54
UniRef90_A0A4R1QS54	UniRef90_UPI0024409472
UniRef90_A0A4R1QS54	UniRef90_UPI00313474BB
UniRef90_A0A4R1QS54	UniRef90_A0A6B1G509
UniRef90_A0A4R1QS54	UniRef90_UPI00313584E6
UniRef90_A0A4R1QS54	UniRef90_A0A4R8SGJ0
UniRef90_A0A4R1QS54	UniRef90_A0AA35G634
UniRef90_A0A4R1QS54	UniRef90_A0ABT2ESN4
UniRef90_A0A4R1QS54	UniRef90_A9B113
UniRef90_A0A4R1QS54	UniRef90_UPI00391F11FA
UniRef90_A0A4R1QS54	UniRef90_A0A1I4U719
UniRef90_A0A4R1QS54	UniRef90_A0A0M9UCS3
UniRef90_A0A4R1QS54	UniRef90_UPI00404A2ECE
UniRef90_A0A4R1QS54	UniRef90_A0A4Q1SIV6
UniRef90_A0A4R1QS54	UniRef90_H5SJS9
UniRef90_A0A4R1QS54	UniRef90_A0A401Z1W0
UniRef90_A0A4R1QS54	UniRef90_A0A9D2L141
UniRef90_A0A4R1QS54	UniRef90_A0ABU3BSB2
UniRef90_A0A4R1QS54	UniRef90_M5E1Z2
UniRef90_A0A4R1QS54	UniRef90_C8W3C7
UniRef90_A0A4R1QS54	UniRef90_A0AA48HFA6
UniRef90_A0A4R1QS54	UniRef90_X1QHG3
UniRef90_A0A4R1QS54	UniRef90_A0A6J7RW41
UniRef90_A0A4R1QS54	UniRef90_UPI0018E77506
UniRef90_A0A4R1QS54	UniRef90_A0A948RWM1
UniRef90_A0A4R1QS54	UniRef90_A0A0G3ECP5
UniRef90_A0A4R1QS54	UniRef90_A0A0E4C9R3
UniRef90_A0A4R1QS54	UniRef90_A0ABQ3T9Q2
UniRef90_A0A4R1QS54	UniRef90_B9KYA4
UniRef90_A0A4R1QS54	UniRef90_A0A1G9QTJ8
UniRef90_A0A4R1QS54	UniRef90_U2E9Y5
UniRef90_A0A4R1QS54	UniRef90_A0A511GYS0
UniRef90_A0A4R1QS54	UniRef90_A0A4R1RYB7
UniRef90_A0A4R1QS54	UniRef90_A0A1F4U2E3
UniRef90_A0A4R1QS54	UniRef90_Q1JWR3
UniRef90_A0A4R1QS54	UniRef90_A0A537IXI2
UniRef90_A0A4R1QS54	UniRef90_A0A3A4NP39
UniRef90_A0A4R1QS54	UniRef90_A0A4R2RJC9
UniRef90_A0A4R1QS54	UniRef90_UPI002E2F326E
UniRef90_A0A4R1QS54	UniRef90_A0A239TUR5
UniRef90_A0A4R1QS54	UniRef90_A0ABU3NWI5
UniRef90_A0A4R1QS54	UniRef90_A0A367ZPT9
UniRef90_A0A4R1QS54	UniRef90_B3QTY8
UniRef90_A0A4R1QS54	UniRef90_A0A8J6NKX9
UniRef90_A0A4R1QS54	UniRef90_UPI0003B44DB3
UniRef90_A0A4R1QS54	UniRef90_F8IIR0
UniRef90_A0A4R1QS54	UniRef90_UPI0018E7DD68
UniRef90_A0A4R1QS54	UniRef90_A0A4U7JFQ2
UniRef90_A0A4R1QS54	UniRef90_A0A9D1T068
UniRef90_A0A4R1QS54	UniRef90_UPI00046D83E1
UniRef90_A0A4R1QS54	UniRef90_UPI0013EE8EA6
UniRef90_A0A4R1QS54	UniRef90_UPI00344FFCDE
UniRef90_A0A4R1QS54	UniRef90_A0ABZ1C1C9
UniRef90_A0A4R1QS54	UniRef90_A0AAU8GZ19
UniRef90_A0A4R1QS54	UniRef90_F8L7Z8
UniRef90_A0A4R1QS54	UniRef90_A0A401FX73
UniRef90_A0A4R1QS54	UniRef90_UPI002260B431
UniRef90_A0A4R1QS54	UniRef90_A0A7C3IWI3
UniRef90_A0A4R1QS54	UniRef90_A0A519BF76
UniRef90_A0A4R1QS54	UniRef90_A0A0S7XJL5
UniRef90_A0A4R1QS54	UniRef90_A0A0W8E121
UniRef90_A0A4R1QS54	UniRef90_UPI0008D9274B
UniRef90_A0A4R1QS54	UniRef90_UPI0037DC22C0
UniRef90_A0A4R1QS54	UniRef90_A0A0C7NL84
UniRef90_A0A4R1QS54	UniRef90_A0A1F4SP81
UniRef90_A0A4R1QS54	UniRef90_A0A8A7KAP9
UniRef90_A0A4R1QS54	UniRef90_A0A485M2I9
UniRef90_A0A4R1QS54	UniRef90_UPI0032C21EA3
UniRef90_A0A4R1QS54	UniRef90_A0A6B1DQB1
UniRef90_A0A4R1QS54	UniRef90_A0A7V3RHC4
UniRef90_A0A4R1QS54	UniRef90_A0A934K9P8
UniRef90_A0A4R1QS54	UniRef90_A0A855X4U2
UniRef90_A0A4R1QS54	UniRef90_A0A1F7S1T6
UniRef90_A0A4R1QS54	UniRef90_A0A9D1GRV1
UniRef90_A0A4R1QS54	UniRef90_A0AAE3TBZ7
UniRef90_A0A4R1QS54	UniRef90_A0A7S8E5R2
UniRef90_A0A4R1QS54	UniRef90_A0A1F5VDN2
UniRef90_A0A4R1QS54	UniRef90_B4D6Q8
UniRef90_A0A4R1QS54	UniRef90_A0A0F9EFM3
UniRef90_A0A4R1QS54	UniRef90_A0A7C1MCK5
UniRef90_A0A4R1QS54	UniRef90_UPI0039EBC752
UniRef90_A0A4R1QS54	UniRef90_UPI000247461F
UniRef90_A0A4R1QS54	UniRef90_A0A832I1B6
UniRef90_A0A4R1QS54	UniRef90_A0A538T2E5
UniRef90_A0A4R1QS54	UniRef90_A0AA96GKY8
UniRef90_A0A4R1QS54	UniRef90_A0A3G1KRS1
UniRef90_A0A4R1QS54	UniRef90_A0AAE4Z659
UniRef90_A0A4R1QS54	UniRef90_A0A855X3X4
UniRef90_A0A4R1QS54	UniRef90_A0A1F2WSA9
UniRef90_A0A4R1QS54	UniRef90_A0A1T4LJQ3
UniRef90_A0A4R1QS54	UniRef90_A0A1F5V7H7
UniRef90_A0A4R1QS54	UniRef90_UPI002FC5DA21
UniRef90_A0A4R1QS54	UniRef90_UPI001F138185
UniRef90_A0A4R1QS54	UniRef90_A0ABM6RSQ6
UniRef90_A0A4R1QS54	UniRef90_A0ABP8TS03
UniRef90_A0A4R1QS54	UniRef90_A0A975AWI0
UniRef90_A0A4R1QS54	UniRef90_Q3AEV1
UniRef90_A0A4R1QS54	UniRef90_A0A402A9J2
UniRef90_A0A4R1QS54	UniRef90_T1C2Y0
UniRef90_A0A4R1QS54	UniRef90_UPI00404A5362
UniRef90_A0A4R1QS54	UniRef90_A0A7G6E0I9
UniRef90_A0A4R1QS54	UniRef90_UPI001013411A
UniRef90_A0A4R1QS54	UniRef90_UPI003BF5AADB
UniRef90_A0A4R1QS54	UniRef90_A0ABU9VY64
UniRef90_A0A4R1QS54	UniRef90_A0A1I3U3T3
UniRef90_A0A4R1QS54	UniRef90_UPI00082DCDCD
UniRef90_A0A4R1QS54	UniRef90_UPI002FD96BF3
UniRef90_A0A4R1QS54	UniRef90_A3MUK0
UniRef90_A0A4R1QS54	UniRef90_A0A1M6N6J4
UniRef90_A0A4R1QS54	UniRef90_B1I5V0
UniRef90_A0A4R1QS54	UniRef90_A0A1V5MJD9
UniRef90_A0A4R1QS54	UniRef90_UPI00355BD4DF
UniRef90_A0A4R1QS54	UniRef90_A0A9X4JW54
UniRef90_A0A4R1QS54	UniRef90_A0A540WS47
UniRef90_A0A4R1QS54	UniRef90_A0AAU9EEA8
UniRef90_A0A4R1QS54	UniRef90_A0A6N7IPV5
UniRef90_A0A4R1QS54	UniRef90_A0ABU4VGD3
UniRef90_A0A4R1QS54	UniRef90_A0A382UZY3
UniRef90_A0A4R1QS54	UniRef90_A0A5S9IP23
UniRef90_A0A4R1QS54	UniRef90_A0A424YHK7
UniRef90_A0A4R1QS54	UniRef90_UPI003AF56CDB
UniRef90_A0A4R1QS54	UniRef90_D7CLG6
UniRef90_A0A4R1QS54	UniRef90_A0AAU7DR63
UniRef90_A0A4R1QS54	UniRef90_UPI001D05796F
UniRef90_A0A4R1QS54	UniRef90_UPI003D21A9AC
UniRef90_A0A4R1QS54	UniRef90_A0A1M7XZC0
UniRef90_A0A9P1BG70	UniRef90_A0A9P1BG70
UniRef90_A0A9P1BG70	UniRef90_K6Q0I5
UniRef90_A0A9P1BG70	UniRef90_UPI0005707D6F
UniRef90_A0A9P1BG70	UniRef90_A0A212R9C1
UniRef90_A0A9P1BG70	UniRef90_A0A1V6C451
UniRef90_A0A9P1BG70	UniRef90_A0A2A4YKP2
UniRef90_A0A9P1BG70	UniRef90_A0A517PAF6
UniRef90_A0A9P1BG70	UniRef90_A0A381N5Q1
UniRef90_A0A9P1BG70	UniRef90_E6Q4C9
UniRef90_A0A9P1BG70	UniRef90_A7NNN3
UniRef90_A0A9P1BG70	UniRef90_D1CGU7
UniRef90_A0A9P1BG70	UniRef90_A0A2Z2H080
UniRef90_A0A9P1BG70	UniRef90_A0A2W6A9J4
UniRef90_A0A9P1BG70	UniRef90_UPI00402659F3
UniRef90_A0A9P1BG70	UniRef90_A0A644UDS3
UniRef90_A0A9P1BG70	UniRef90_A0A2A2HQ63
UniRef90_A0A9P1BG70	UniRef90_A0A809R5X0
UniRef90_A0A9P1BG70	UniRef90_UPI003599D1CC
UniRef90_A0A9P1BG70	UniRef90_A0A4S3B2W2
UniRef90_A0A9P1BG70	UniRef90_A0AA35XET5
UniRef90_A0A9P1BG70	UniRef90_A0A662Z566
UniRef90_A0A9P1BG70	UniRef90_A0A1Q2HRM1
UniRef90_A0A9P1BG70	UniRef90_A0ABT5ECF4
UniRef90_A0A9P1BG70	UniRef90_UPI00226B0C4F
UniRef90_A0A9P1BG70	UniRef90_A0A5B9MKX9
UniRef90_A0A9P1BG70	UniRef90_UPI002616AF82
UniRef90_A0A9P1BG70	UniRef90_A0A0D2JTG2
UniRef90_A0A9P1BG70	UniRef90_UPI001AAF8589
UniRef90_A0A9P1BG70	UniRef90_UPI001914F6C5
UniRef90_A0A9P1BG70	UniRef90_A0A4P6JZ60
UniRef90_A0A9P1BG70	UniRef90_A0ABY4WC28
UniRef90_A0A9P1BG70	UniRef90_A0A2S6GD33
UniRef90_A0A9P1BG70	UniRef90_A0A7W7HWE3
UniRef90_A0A9P1BG70	UniRef90_A0A941AP13
UniRef90_UPI0018A8D9C4	UniRef90_UPI0018A8D9C4
UniRef90_UPI0018A8D9C4	UniRef90_A0A5A7N5K0
UniRef90_UPI0018A8D9C4	UniRef90_UPI00336C10E5
UniRef90_UPI0018A8D9C4	UniRef90_UPI00374D9021
UniRef90_UPI0018A8D9C4	UniRef90_UPI00155265BA
UniRef90_UPI0018A8D9C4	UniRef90_UPI001C99AD24
UniRef90_UPI0018A8D9C4	UniRef90_A0A368NGG7
UniRef90_UPI0018A8D9C4	UniRef90_R9PS41
UniRef90_UPI0018A8D9C4	UniRef90_A0A271IZA6
UniRef90_UPI0018A8D9C4	UniRef90_A0AAN1XU30
UniRef90_UPI0018A8D9C4	UniRef90_UPI0039C87DD5
UniRef90_UPI0018A8D9C4	UniRef90_UPI0007F14D25
UniRef90_V5WN41	UniRef90_V5WN41
UniRef90_V5WN41	UniRef90_UPI000E0D6FCB
UniRef90_V5WN41	UniRef90_A0A7L7KQI6
UniRef90_V5WN41	UniRef90_A0A953JA25
UniRef90_V5WN41	UniRef90_A0A0B7MPV0
UniRef90_V5WN41	UniRef90_A0A3B0SXG9
UniRef90_V5WN41	UniRef90_A0A062Y1R7
UniRef90_V5WN41	UniRef90_Q2LUE1
UniRef90_V5WN41	UniRef90_E6LFX1
UniRef90_V5WN41	UniRef90_A0A8J4H6Q5
UniRef90_V5WN41	UniRef90_A0A4R1KBK3
UniRef90_V5WN41	UniRef90_UPI0004785478
UniRef90_V5WN41	UniRef90_UPI001E4599BE
UniRef90_V5WN41	UniRef90_A0A1W1VHW7
UniRef90_V5WN41	UniRef90_A0A1G6WGJ0
UniRef90_V5WN41	UniRef90_C7HS57
UniRef90_V5WN41	UniRef90_UPI000A838EB0
UniRef90_V5WN41	UniRef90_UPI002476091F
UniRef90_V5WN41	UniRef90_B5CR64
UniRef90_V5WN41	UniRef90_A0A382EWA0
UniRef90_V5WN41	UniRef90_A0ABR9L120
UniRef90_V5WN41	UniRef90_UPI001FFF1370
UniRef90_V5WN41	UniRef90_A0A068NPH7
UniRef90_V5WN41	UniRef90_UPI003B3A76B8
UniRef90_V5WN41	UniRef90_UPI001D4F6AD9
UniRef90_V5WN41	UniRef90_A0A410P407
UniRef90_V5WN41	UniRef90_A0A1M4TGX5
UniRef90_V5WN41	UniRef90_A0AB38ZBA2
UniRef90_V5WN41	UniRef90_UPI003B959004
UniRef90_V5WN41	UniRef90_A0AAE3GKN8
UniRef90_V5WN41	UniRef90_A0A517YW17
UniRef90_V5WN41	UniRef90_UPI001A8DBAC5
UniRef90_V5WN41	UniRef90_A0A2M6WRU4
UniRef90_V5WN41	UniRef90_A0A0G4K4A3
UniRef90_V5WN41	UniRef90_A0A449BKL1
UniRef90_V5WN41	UniRef90_A0A9D1N1J0
UniRef90_V5WN41	UniRef90_UPI0028728F68
UniRef90_V5WN41	UniRef90_A0A3D9V232
UniRef90_V5WN41	UniRef90_A0A4R8MF51
UniRef90_V5WN41	UniRef90_A0A0F9JCY1
UniRef90_V5WN41	UniRef90_A0A402CV78
UniRef90_V5WN41	UniRef90_UPI0037521E4A
UniRef90_V5WN41	UniRef90_B1GYQ4
UniRef90_V5WN41	UniRef90_A0A848ERH6
UniRef90_V5WN41	UniRef90_A0A9D1TJ63
UniRef90_V5WN41	UniRef90_A0ABT7LZ02
UniRef90_V5WN41	UniRef90_Q1Q3V0
UniRef90_V5WN41	UniRef90_A0A7J4KVK0
UniRef90_V5WN41	UniRef90_G5GMW3
UniRef90_V5WN41	UniRef90_UPI00055A5E9E
UniRef90_V5WN41	UniRef90_UPI0024C0D998
UniRef90_V5WN41	UniRef90_A0A0P8W4E6
UniRef90_V5WN41	UniRef90_A0A388THV3
UniRef90_V5WN41	UniRef90_UPI00241154F9
UniRef90_V5WN41	UniRef90_A0A7L6N5C6
UniRef90_V5WN41	UniRef90_A0A7U4LMZ8
UniRef90_V5WN41	UniRef90_A0A429Z7L1
UniRef90_V5WN41	UniRef90_A0A2N5ZCH4
UniRef90_V5WN41	UniRef90_A0AAE3DDZ9
UniRef90_V5WN41	UniRef90_A0A381TJA6
UniRef90_V5WN41	UniRef90_A0A2I7N7B6
UniRef90_V5WN41	UniRef90_A0A9Q6PTN4
UniRef90_V5WN41	UniRef90_UPI000227A50C
UniRef90_V5WN41	UniRef90_UPI0009FCCA51
UniRef90_V5WN41	UniRef90_UPI00398A01C5
UniRef90_V5WN41	UniRef90_A0A3B0SXN9
UniRef90_V5WN41	UniRef90_UPI001918F6E4
UniRef90_V5WN41	UniRef90_UPI0030140B7D
UniRef90_V5WN41	UniRef90_UPI004028BF28
UniRef90_V5WN41	UniRef90_UPI003D89D0B5
UniRef90_V5WN41	UniRef90_H7EK87
UniRef90_V5WN41	UniRef90_UPI0010453BC3
UniRef90_V5WN41	UniRef90_A0AAE3EIA5
UniRef90_V5WN41	UniRef90_A0A7M1XNK9
UniRef90_V5WN41	UniRef90_A0A2S4JRQ7
UniRef90_V5WN41	UniRef90_A0A9D6V145
UniRef90_V5WN41	UniRef90_A0A9D9H4Y8
UniRef90_V5WN41	UniRef90_A0A7T7XMI5
UniRef90_V5WN41	UniRef90_A0A098QW07
UniRef90_V5WN41	UniRef90_A0A1W1H6Z0
UniRef90_V5WN41	UniRef90_A0AAJ1IJI6
UniRef90_V5WN41	UniRef90_A0A5C1QRX8
UniRef90_V5WN41	UniRef90_A0AAD9MRJ8
UniRef90_V5WN41	UniRef90_UPI00052B6F9D
UniRef90_V5WN41	UniRef90_A0A1M7E702
UniRef90_V5WN41	UniRef90_A0AAU9DW15
UniRef90_V5WN41	UniRef90_UPI0021D93E1D
UniRef90_V5WN41	UniRef90_UPI0029913B3E
UniRef90_V5WN41	UniRef90_UPI001382342B
UniRef90_V5WN41	UniRef90_A0A381S877
UniRef90_V5WN41	UniRef90_A0A544YPV8
UniRef90_V5WN41	UniRef90_C7MP64
UniRef90_V5WN41	UniRef90_UPI0018D47D91
UniRef90_V5WN41	UniRef90_A0AAF0BGW9
UniRef90_V5WN41	UniRef90_A0A1F5YCQ4
UniRef90_UPI000247260C	UniRef90_UPI000247260C
UniRef90_UPI000247260C	UniRef90_A0A934KJM2
UniRef90_UPI000247260C	UniRef90_UPI001E2B1632
UniRef90_UPI000247260C	UniRef90_A0A518EPF4
UniRef90_UPI000247260C	UniRef90_UPI003C7D14EC
UniRef90_UPI000247260C	UniRef90_A0A7V4U0R3
UniRef90_UPI000247260C	UniRef90_A0A8J6XVU9
UniRef90_UPI000247260C	UniRef90_UPI002A57F79E
UniRef90_UPI000247260C	UniRef90_A0A399FCL6
UniRef90_UPI000247260C	UniRef90_A0A3N4GLD7
UniRef90_UPI000247260C	UniRef90_A0A926DY95
UniRef90_A0A8I1W9Y5	UniRef90_A0A8I1W9Y5
UniRef90_A0A8I1W9Y5	UniRef90_B1KI77
UniRef90_A0A8I1W9Y5	UniRef90_A0AA37WVG2
UniRef90_A0A8I1W9Y5	UniRef90_UPI0038C281DE
UniRef90_A0A8I1W9Y5	UniRef90_A0ABP9FAD2
UniRef90_A0AA35S3Z2	UniRef90_A0AA35S3Z2
UniRef90_A0AA35S3Z2	UniRef90_T2GEM1
UniRef90_A0AA35S3Z2	UniRef90_A0A2Z6IJW4
UniRef90_A0AA35S3Z2	UniRef90_A0A1L6TCS4
UniRef90_A0AA35S3Z2	UniRef90_A0A5R9EKK4
UniRef90_A0AA35S3Z2	UniRef90_UPI00140D1614
UniRef90_A0AA35S3Z2	UniRef90_A0A3B7QUP0
UniRef90_A0AA35S3Z2	UniRef90_UPI0012BD0D8B
UniRef90_A0AA35S3Z2	UniRef90_A0A1G6LP45
UniRef90_A0AA35S3Z2	UniRef90_UPI0015545231
UniRef90_A0AA35S3Z2	UniRef90_A0AAE4BST2
UniRef90_A0AA35S3Z2	UniRef90_A0A0X8FJV9
UniRef90_A0A8S5S2K8	UniRef90_A0A8S5S2K8
UniRef90_A0A8S5S2K8	UniRef90_A0A7L4UPD3
UniRef90_A0A8S5S2K8	UniRef90_I5C3G8
UniRef90_A0A8S5S2K8	UniRef90_S7T8Z1
UniRef90_A0A8S5S2K8	UniRef90_A0A326RWK0
UniRef90_A0A8S5S2K8	UniRef90_UPI0018905E28
UniRef90_A0A8S5S2K8	UniRef90_UPI003531C76B
UniRef90_A0A8S5S2K8	UniRef90_A0AA49JGZ7
UniRef90_A0A8S5S2K8	UniRef90_L8JWY3
UniRef90_A0A8S5S2K8	UniRef90_A0A6B2H726
UniRef90_A0A8S5S2K8	UniRef90_A0A401UBQ9
UniRef90_A0A8S5S2K8	UniRef90_A0A7Y0FLR2
UniRef90_A0A8S5S2K8	UniRef90_UPI0006978442
UniRef90_A0A8S5S2K8	UniRef90_UPI003963F384
UniRef90_A0A8S5S2K8	UniRef90_A1ZR43
UniRef90_A0A8S5S2K8	UniRef90_Q12RL4
UniRef90_A0A8S5S2K8	UniRef90_A0A1R3X639
UniRef90_A0A8S5S2K8	UniRef90_UPI001FA7C37E
UniRef90_A0A8S5S2K8	UniRef90_A0A1J1E2X4
UniRef90_A0A8S5S2K8	UniRef90_A0ABW5NUX4
UniRef90_A0A8S5S2K8	UniRef90_A0A098LCK7
UniRef90_A0A8S5S2K8	UniRef90_A0A381PRZ8
UniRef90_A0A8S5S2K8	UniRef90_UPI0003754BD7
UniRef90_A0A8S5S2K8	UniRef90_A0A6N6M220
UniRef90_A0A8S5S2K8	UniRef90_A0A1E5SKG6
UniRef90_A0A8S5S2K8	UniRef90_A0AAE3XQJ1
UniRef90_A0A8S5S2K8	UniRef90_UPI0007FB5195
UniRef90_A0A8S5S2K8	UniRef90_A0A6S6SP04
UniRef90_A0A8S5S2K8	UniRef90_A0ABS5JVS6
UniRef90_A0A8S5S2K8	UniRef90_UPI0023E0FA8B
UniRef90_A0A8S5S2K8	UniRef90_A0A556N194
UniRef90_A0A8S5S2K8	UniRef90_A0A6C2UH89
UniRef90_A0A8S5S2K8	UniRef90_A0ABN1MNB9
UniRef90_A0A8S5S2K8	UniRef90_A0A5C6UTX4
UniRef90_A0A8S5S2K8	UniRef90_A0A378U5P9
UniRef90_A0A8S5S2K8	UniRef90_E4TLC7
UniRef90_A0A8S5S2K8	UniRef90_UPI0026018E72
UniRef90_A0A8S5S2K8	UniRef90_A0A915VKE6
UniRef90_A0A8S5S2K8	UniRef90_A0ABW5SGB0
UniRef90_A0A8S5S2K8	UniRef90_A0A967ABD6
UniRef90_A0A8S5S2K8	UniRef90_A0A504J9K0
UniRef90_A0A8S5S2K8	UniRef90_A0ABW3Y0F9
UniRef90_A0A8S5S2K8	UniRef90_C7LKE6
UniRef90_A0A8S5S2K8	UniRef90_A0A5C6VCT0
UniRef90_A0A8S5S2K8	UniRef90_A0A9X4MWL5
UniRef90_A0A8S5S2K8	UniRef90_A0AA37SX39
UniRef90_A0A8S5S2K8	UniRef90_Q7MVY5
UniRef90_A0A8S5S2K8	UniRef90_A0A484HNB3
UniRef90_A0A8S5S2K8	UniRef90_A0A9D1E0W0
UniRef90_A0A8S5S2K8	UniRef90_A0A4Y8WQA2
UniRef90_A0A8S5S2K8	UniRef90_UPI00272D200C
UniRef90_A0A8S5S2K8	UniRef90_A0ABW3SR70
UniRef90_A0A8S5S2K8	UniRef90_A0A364RB94
UniRef90_A0A8S5S2K8	UniRef90_A0A7H0VI99
UniRef90_A0A8S5S2K8	UniRef90_A0ABQ0E3I2
UniRef90_A0A8S5S2K8	UniRef90_A0A1T4MCI9
UniRef90_A0A8J7DLR4	UniRef90_A0A8J7DLR4
UniRef90_A0A8J7DLR4	UniRef90_A0A809S290
UniRef90_A0A8J7DLR4	UniRef90_A0A5C7EQJ3
UniRef90_A0A8J7DLR4	UniRef90_A0A0K1P8V0
UniRef90_A0A8J7DLR4	UniRef90_A0A7V8NRZ3
UniRef90_A0A8J7DLR4	UniRef90_A0A2Z4Y282
UniRef90_A0A8J7DLR4	UniRef90_A0A3A4R2U4
UniRef90_A0A8J7DLR4	UniRef90_A0A859DSA5
UniRef90_A0A8J7DLR4	UniRef90_A0A2M7RPS9
UniRef90_A0A8J7DLR4	UniRef90_A0A1F7VJI5
UniRef90_A0A8J7DLR4	UniRef90_UPI00129CB64D
UniRef90_A0A8J7DLR4	UniRef90_A0A2U3LD21
UniRef90_A0A8J7DLR4	UniRef90_UPI0026018E5A
UniRef90_A0A8J7DLR4	UniRef90_UPI0026DACF01
UniRef90_A0A8J7DLR4	UniRef90_A0A9E2L013
UniRef90_A0A8J7DLR4	UniRef90_A0A9D1SQJ6
UniRef90_A0ABS7CX35	UniRef90_A0ABS7CX35
UniRef90_A0ABS7CX35	UniRef90_A0A644YSE8
UniRef90_A0ABS7CX35	UniRef90_A0A6N6RI71
UniRef90_A0ABS7CX35	UniRef90_A0A401XLN3
UniRef90_A0ABS7CX35	UniRef90_A0A6G6BTB9
UniRef90_A0ABS7CX35	UniRef90_UPI0018A86FC4
UniRef90_A0ABS7CX35	UniRef90_A0A4Q1BXQ5
UniRef90_A0ABS7CX35	UniRef90_A0A9D1UHQ4
UniRef90_UPI001F3E18E6	UniRef90_UPI001F3E18E6
UniRef90_UPI001F3E18E6	UniRef90_A0A2M7FYZ0
UniRef90_UPI001F3E18E6	UniRef90_UPI003FA1F92D
UniRef90_UPI001F3E18E6	UniRef90_A0A7T3RF34
UniRef90_UPI001F3E18E6	UniRef90_A0A7T7XMJ4
UniRef90_UPI001F3E18E6	UniRef90_S3BCJ8
UniRef90_UPI001F3E18E6	UniRef90_UPI0002171E89
UniRef90_UPI001F3E18E6	UniRef90_UPI001B8D8D06
UniRef90_UPI001F3E18E6	UniRef90_A0A1I0R925
UniRef90_UPI001F3E18E6	UniRef90_I0R966
UniRef90_UPI001F3E18E6	UniRef90_A0A1F7WPN6
UniRef90_UPI001F3E18E6	UniRef90_A0A0K8P9D9
UniRef90_UPI001F3E18E6	UniRef90_A0ABV6MA39
UniRef90_UPI001F3E18E6	UniRef90_UPI001BD12856
UniRef90_UPI001F3E18E6	UniRef90_UPI00048C47ED
UniRef90_UPI001F3E18E6	UniRef90_A0A3P3R027
UniRef90_UPI001F3E18E6	UniRef90_A0ABY8EFW2
UniRef90_UPI001F3E18E6	UniRef90_A0ABY7JU18
UniRef90_A0A1M6EG68	UniRef90_A0A1M6EG68
UniRef90_A0A1M6EG68	UniRef90_A0A518CYR5
UniRef90_A0A1M6EG68	UniRef90_A0A832EJQ7
UniRef90_A0A1M6EG68	UniRef90_A0AAI9AHU7
UniRef90_A0A1M6EG68	UniRef90_A0A1J5ILP6
UniRef90_A0A1M6EG68	UniRef90_A0A3Q9HRV8
UniRef90_A0A1M6EG68	UniRef90_A0A4Q0I283
UniRef90_A0A1M6EG68	UniRef90_UPI003C2BC594
UniRef90_A0A1M6EG68	UniRef90_A0A017TFB1
UniRef90_A0A1M6EG68	UniRef90_UPI002DFDDECF
UniRef90_M1VCE1	UniRef90_M1VCE1
UniRef90_M1VCE1	UniRef90_A0A1X6NP08
UniRef90_M1VCE1	UniRef90_A0A5M9R9V5
UniRef90_UPI002F91A014	UniRef90_UPI002F91A014
UniRef90_UPI002F91A014	UniRef90_A0A923FXR4
UniRef90_UPI002F91A014	UniRef90_UPI0013F61D39
UniRef90_A0A7G9SA49	UniRef90_A0A7G9SA49
UniRef90_A0A7G9SA49	UniRef90_A0ABP7RCP0
UniRef90_A0A7G9SA49	UniRef90_A0A9X2J3I9
UniRef90_L8HFZ7	UniRef90_L8HFZ7
UniRef90_A0A316YWQ3	UniRef90_A0A316YWQ3
UniRef90_A0A316YWQ3	UniRef90_A0A316VB78
UniRef90_UPI001E52AAA7	UniRef90_UPI001E52AAA7
UniRef90_UPI001E52AAA7	UniRef90_A0ABP8IFR3
UniRef90_UPI00367E6ABD	UniRef90_UPI00367E6ABD
UniRef90_UPI00367E6ABD	UniRef90_UPI0018FE5CA2
UniRef90_A0A0V0QFR7	UniRef90_A0A0V0QFR7
UniRef90_Q9X661	UniRef90_Q9X661
UniRef90_Q9X661	UniRef90_UPI00249C3A10
UniRef90_I7M163	UniRef90_I7M163
UniRef90_I7M163	UniRef90_G0QN00
